Holder,1ra Quincena (Días 1-15),2da Quincena (Días 16+),Quincena_Fuerte
"""EL REGIO"" PAN DE ELOTE",0,253,2da Quincena (Días 16+)
1 BIRRIERIA ATORONILCO,689293,537786,1ra Quincena (Días 1-15)
100T,1149109,1358929,2da Quincena (Días 16+)
101 IDEAS MX,90253,36172,1ra Quincena (Días 1-15)
11:11 SHOWROOM,167,287,2da Quincena (Días 16+)
4 LOGISTICA,364475,921310,2da Quincena (Días 16+)
4PL,255450,309000,2da Quincena (Días 16+)
80/20 BURGER JOINT,850682,893406,2da Quincena (Días 16+)
9.0 STORE,87283,16462,1ra Quincena (Días 1-15)
A&A ASOCIADOS,0,500,2da Quincena (Días 16+)
ABARROTES LIZBETH,164991,162652,1ra Quincena (Días 1-15)
ABARROTES ROGA,50360,53195,2da Quincena (Días 16+)
ABASEL,20,0,1ra Quincena (Días 1-15)
ABELARDO RODRIGUEZ BURGOS,258,482,2da Quincena (Días 16+)
ABRAHAM HUSNI,190000,115000,1ra Quincena (Días 1-15)
ABRAHAM VILLANUEVA,0,1245,2da Quincena (Días 16+)
ABZ,196716,161027,1ra Quincena (Días 1-15)
AC BOATS,64990,3754,1ra Quincena (Días 1-15)
ACCEDE INMOBILIARIA,1550392,1850153,2da Quincena (Días 16+)
ACCM FUMIGACION,10,0,1ra Quincena (Días 1-15)
ACQ MERIDA,17556,0,1ra Quincena (Días 1-15)
ADAN VALENZUELA,141558,211149,2da Quincena (Días 16+)
ADMINISTRADORA DE CLUBES,0,9181,2da Quincena (Días 16+)
ADMINISTRADORA XXI,351000,200000,1ra Quincena (Días 1-15)
ADRIAN ATOCHA EUAN,42587,1000,1ra Quincena (Días 1-15)
ADRIAN GHALEEY,74035,50300,1ra Quincena (Días 1-15)
ADRIANO SANTOS,10,20,2da Quincena (Días 16+)
ADRIÁN GONZÁLEZ,850496,648022,1ra Quincena (Días 1-15)
ADVENTURE TOURS BAKAL,288674,67770,1ra Quincena (Días 1-15)
AEM,0,68467,2da Quincena (Días 16+)
AEMAN,52000,43500,1ra Quincena (Días 1-15)
AEN,943394,1098253,2da Quincena (Días 16+)
AESTHETIC,288528,549990,2da Quincena (Días 16+)
AET,0,149730,2da Quincena (Días 16+)
AETHERION,0,50000,2da Quincena (Días 16+)
AGENCIA FONICA,111940,128580,2da Quincena (Días 16+)
AGENCY DELTA EDMASER S.A. DE C.V,452628,1151393,2da Quincena (Días 16+)
AGM 4X4,162709,226013,2da Quincena (Días 16+)
AGUA BENDITA BOUTIQUE,3560,825,1ra Quincena (Días 1-15)
AGUSTIANDO EN TUXTLA,114261,138947,2da Quincena (Días 16+)
AHOGADOS GUADALAJARRA,2381,1922,1ra Quincena (Días 1-15)
AIEM,49000,468822,2da Quincena (Días 16+)
AILEPHO OPHELIA,754076,662034,1ra Quincena (Días 1-15)
AIMEE MICHELLE LOPEZ LOPEZ,100010,0,1ra Quincena (Días 1-15)
ALBATROS,4164995,3924161,1ra Quincena (Días 1-15)
ALBERTO TRANSMONTE,215146,0,1ra Quincena (Días 1-15)
ALBERTOSP,11,81,2da Quincena (Días 16+)
ALE,252600,286004,2da Quincena (Días 16+)
ALEJANDRA HEGEWISCH,216960,510000,2da Quincena (Días 16+)
ALEJANDRA HERNANDEZ,459436,203924,1ra Quincena (Días 1-15)
ALEJANDRO BALSA,1100000,1387200,2da Quincena (Días 16+)
ALEJANDRO CAMPOMANES RODRIGUEZ,0,10000,2da Quincena (Días 16+)
ALEJANDRO MANCILLA,3000,336400,2da Quincena (Días 16+)
ALEJANDRO MONROY REUS,13000,8000,1ra Quincena (Días 1-15)
ALEX HOME,176765,198574,2da Quincena (Días 16+)
ALFREDO,90610,72400,1ra Quincena (Días 1-15)
ALFREDO SAMANO,0,599500,2da Quincena (Días 16+)
ALGO NUEVO,428130,501169,2da Quincena (Días 16+)
ALGORITHMICS LM,173147,140891,1ra Quincena (Días 1-15)
ALICE CENTER,284478,240059,1ra Quincena (Días 1-15)
ALIMENTOS ORGANICOS,32238,15694,1ra Quincena (Días 1-15)
ALIMENTOS TORO ROSA,38373,30197,1ra Quincena (Días 1-15)
ALITAS BLACKY,41600,11289,1ra Quincena (Días 1-15)
ALIVIA,1608874,2824894,2da Quincena (Días 16+)
ALL4PADEL,200767,148721,1ra Quincena (Días 1-15)
ALMANARA CACHO,749589,699347,1ra Quincena (Días 1-15)
ALUXES MERIDA,1447138,1364322,1ra Quincena (Días 1-15)
ALVARO OBREGON,0,3045,2da Quincena (Días 16+)
ALZUNIGAAL,37300,28211,1ra Quincena (Días 1-15)
AMATTE,318871,472925,2da Quincena (Días 16+)
AMC CORPORACION,0,100914,2da Quincena (Días 16+)
AMELIA DC,1688146,1834417,2da Quincena (Días 16+)
AMERICAN GYM,2078922,1812653,1ra Quincena (Días 1-15)
ANA P,24741,8800,1ra Quincena (Días 1-15)
ANA PAULA SERRANO,286497,430263,2da Quincena (Días 16+)
ANAGON COMPANY,0,40000,2da Quincena (Días 16+)
ANALCO,342032,287006,1ra Quincena (Días 1-15)
ANB GRUPO,0,146,2da Quincena (Días 16+)
ANDRE VELARDE CRUZ,0,206104,2da Quincena (Días 16+)
ANDREA RODRIGUEZ,10,40,2da Quincena (Días 16+)
ANDRES FELIPE PALENCIA OCHOA,4892,0,1ra Quincena (Días 1-15)
ANDRES RENTAS,1192800,1375368,2da Quincena (Días 16+)
ANDRES TEPIC,14649,3621,1ra Quincena (Días 1-15)
ANDROMEDA,0,61,2da Quincena (Días 16+)
ANG,36414,23025,1ra Quincena (Días 1-15)
ANGEL REYES NAVARRO,1500000,0,1ra Quincena (Días 1-15)
ANTOJITOS MEXICANOS,28492,26074,1ra Quincena (Días 1-15)
ANTOJITOS MOONS,15186,11616,1ra Quincena (Días 1-15)
ANTONIO SANCHEZ MOBILIARIO PARA EVENTOS,3889,35821,2da Quincena (Días 16+)
ANUNCIOS NEON DEL GUADIANA,1614968,2509446,2da Quincena (Días 16+)
ANZUELO,157822,237208,2da Quincena (Días 16+)
AQUA CONDESA,1230337,386319,1ra Quincena (Días 1-15)
ARCHY WELFARE MEXICO,412738,741943,2da Quincena (Días 16+)
ARDIDO MEZCALERA,144655,80970,1ra Quincena (Días 1-15)
ARMANDO DE LA ROSA,1000,0,1ra Quincena (Días 1-15)
ARMANDO MENDOZA,0,237500,2da Quincena (Días 16+)
ARMANDO RODRIGUEZ PEREZ,86458,91606,2da Quincena (Días 16+)
ARRRCO,730725,464800,1ra Quincena (Días 1-15)
ARSA,386292,177711,1ra Quincena (Días 1-15)
ARTERIA / SHAUMERIO,74463,15710,1ra Quincena (Días 1-15)
ARTESANIAS EL FARO,20,0,1ra Quincena (Días 1-15)
ARTURO ROSAS PALAFOX,844925,1150000,2da Quincena (Días 16+)
ARTURO VALENCIA,184349,103796,1ra Quincena (Días 1-15)
ASESORES DE INVERSION,30000,0,1ra Quincena (Días 1-15)
ASESORES EMPRESARIALES KOLENKA S.A. DE C.V.,1810585,1199194,1ra Quincena (Días 1-15)
ASM,14232,405733,2da Quincena (Días 16+)
ATENCION MEDICA,27873,26149,1ra Quincena (Días 1-15)
ATF TRANSPORT,409274,319327,1ra Quincena (Días 1-15)
ATMOSFERA,7511,65097,2da Quincena (Días 16+)
ATOMY PRODUCTS,29,4181,2da Quincena (Días 16+)
AUKA NAMI SUSHI,645,1369,2da Quincena (Días 16+)
AURA BONITA,12638,0,1ra Quincena (Días 1-15)
AURORA PASTELERIA,400098,333430,1ra Quincena (Días 1-15)
AUTO LAVADO,98588,56421,1ra Quincena (Días 1-15)
AUTOBOT TRANSPORTS,174000,255801,2da Quincena (Días 16+)
AUTOLAVADO EXPRESS,280959,266865,1ra Quincena (Días 1-15)
AUTOLAVADO PROFESIONAL,108804,72947,1ra Quincena (Días 1-15)
AWARE,115861,108150,1ra Quincena (Días 1-15)
AWD,207413,164997,1ra Quincena (Días 1-15)
AXEL CAPON,13616,0,1ra Quincena (Días 1-15)
AY MI POLLITO,40,146,2da Quincena (Días 16+)
AZUL BACALAR VACATION RENTALS,1107666,1734854,2da Quincena (Días 16+)
Alimentari,29461,1272,1ra Quincena (Días 1-15)
American padel tennis,76539,97974,2da Quincena (Días 16+)
Andrea Xaviela Landavazo Noriega,0,10,2da Quincena (Días 16+)
Andrés de los Rios,98762,37003,1ra Quincena (Días 1-15)
Antromex 1,308470,308470,1ra Quincena (Días 1-15)
Asadero CDMX,2498973,2368293,1ra Quincena (Días 1-15)
Asadero Cancún,807478,429422,1ra Quincena (Días 1-15)
B SUSHI,1703,1048,1ra Quincena (Días 1-15)
BACHY BURGER,43979,38454,1ra Quincena (Días 1-15)
BAJA BLUE MASSAGE,0,13696,2da Quincena (Días 16+)
BAJA CONTENEDORES,47263,17707,1ra Quincena (Días 1-15)
BAJA ESTUDIO,186500,203046,2da Quincena (Días 16+)
BAJA HEALTH CONNECT,0,156,2da Quincena (Días 16+)
BAJA SOUND CO,125988,133769,2da Quincena (Días 16+)
BAJASIN TAQUERIA,11091189,9076785,1ra Quincena (Días 1-15)
BAJASIN TAQUERIA GDL,2404607,2242746,1ra Quincena (Días 1-15)
BAJO ESTRELLAS HOTEL,4250,0,1ra Quincena (Días 1-15)
BAKED BANANA,514006,555138,2da Quincena (Días 16+)
BAM CONSULTANT,35150,0,1ra Quincena (Días 1-15)
BAR MANRIQUEZ 2,105067,110916,2da Quincena (Días 16+)
BARCELO,1059098,1030853,1ra Quincena (Días 1-15)
BARCELO RIVIERA MAYA,706898,555797,1ra Quincena (Días 1-15)
BAREFOOT DIVE CENTER,1525498,1513342,1ra Quincena (Días 1-15)
BARKAZA PITIC,2625340,2286329,1ra Quincena (Días 1-15)
BARRACUDA,1245135,1048917,1ra Quincena (Días 1-15)
BARRAS DREAMS,0,2931,2da Quincena (Días 16+)
BARRLEON,36770,38178,2da Quincena (Días 16+)
BATMAN 1,0,153000,2da Quincena (Días 16+)
BATZI GROUP,1257780,827038,1ra Quincena (Días 1-15)
BAZ - BANCO AZTECA,0,216000,2da Quincena (Días 16+)
BBC,0,10000,2da Quincena (Días 16+)
BEACH CLUB COZUMEL,349,19901,2da Quincena (Días 16+)
BEAT TO BARRE,3101,6134,2da Quincena (Días 16+)
BEATRIZ GARCIA,3677976,4185929,2da Quincena (Días 16+)
BEAUTYFY2,0,100,2da Quincena (Días 16+)
BEBEVENT,168466,43878,1ra Quincena (Días 1-15)
BEBEVENT POLANCO,0,10,2da Quincena (Días 16+)
BEBEVENT VALQUIRICO 2,324317,183948,1ra Quincena (Días 1-15)
BEER GARDEN TJ,0,561,2da Quincena (Días 16+)
BEFE HOSPITALITY,1378920,1138936,1ra Quincena (Días 1-15)
BEISBOL MZT,417417,409916,1ra Quincena (Días 1-15)
BEN,174370,164688,1ra Quincena (Días 1-15)
BENELEIT,24605,0,1ra Quincena (Días 1-15)
BEVERLY BURGERS,2584,0,1ra Quincena (Días 1-15)
BEVERLY BURGERS SANTA FE,733305,731295,1ra Quincena (Días 1-15)
BEYOND MINING,0,95000,2da Quincena (Días 16+)
BICHES MICHES,733493,684862,1ra Quincena (Días 1-15)
BIOHACK MX,6000,13760,2da Quincena (Días 16+)
BIRRIA DOÑA MARU,539159,608889,2da Quincena (Días 16+)
BISTRO,88592,22707,1ra Quincena (Días 1-15)
BLISS,138829,109928,1ra Quincena (Días 1-15)
BLKSPD,10,0,1ra Quincena (Días 1-15)
BLS,166900,131700,1ra Quincena (Días 1-15)
BLUE MARLIN BAR & GRILL,94791,55533,1ra Quincena (Días 1-15)
BLUE NOTE,678854,597541,1ra Quincena (Días 1-15)
BLUME NAIL STUDIO,133994,129037,1ra Quincena (Días 1-15)
BOBACITY CAFÉ,30221,48319,2da Quincena (Días 16+)
BOBACITY GAS,53567,49597,1ra Quincena (Días 1-15)
BODY FITNESS PILATES REFORMER STUDIO,801727,608502,1ra Quincena (Días 1-15)
BODY PROJECT SURGERY,135145,310224,2da Quincena (Días 16+)
BODYBALLANCE,52019,56272,2da Quincena (Días 16+)
BOMBOM,7600,3563,1ra Quincena (Días 1-15)
BON&ALI,2129640,2399788,2da Quincena (Días 16+)
BONELESS,0,38170,2da Quincena (Días 16+)
BONITA BOUTIQUE,44694,34090,1ra Quincena (Días 1-15)
BOTANICA LA DIOSA DEL MAR,54245,0,1ra Quincena (Días 1-15)
BOULES ENS,3698,194,1ra Quincena (Días 1-15)
BOUTIQUE,110925,144573,2da Quincena (Días 16+)
BOUTIQUE TM MID,558697,569678,2da Quincena (Días 16+)
BRENCH PARK S.A DE C.V,100000,0,1ra Quincena (Días 1-15)
BRENDA GOMEZ GOMEZ,6732,11955,2da Quincena (Días 16+)
BRILLAMZA,68,0,1ra Quincena (Días 1-15)
BRMN,6382164,1115870,1ra Quincena (Días 1-15)
BROWNIEMANIA MAZATLAN,125554,77123,1ra Quincena (Días 1-15)
BRUMA Y LEÑA ALTO GRANO,3126,44430,2da Quincena (Días 16+)
BRUNO BERRUTI,682166,496854,1ra Quincena (Días 1-15)
BRUNO BORJA,48500,85000,2da Quincena (Días 16+)
BRUNO DIAS,0,478001,2da Quincena (Días 16+)
BRUSH NOTES,11865,30833,2da Quincena (Días 16+)
BRUTAL VINATA DE BARRIO,1021955,846364,1ra Quincena (Días 1-15)
BRUTTO CAFÉ,679798,570727,1ra Quincena (Días 1-15)
BRVO,168966,195954,2da Quincena (Días 16+)
BTB SAN ANGEL,0,704100,2da Quincena (Días 16+)
BUCARELI 69,188425,150729,1ra Quincena (Días 1-15)
BUNKER GOLF,88943,64771,1ra Quincena (Días 1-15)
BUNS,0,1406,2da Quincena (Días 16+)
BURGUESA,281672,244720,1ra Quincena (Días 1-15)
BURRITOS MÉXICO,24069,65616,2da Quincena (Días 16+)
BUSINESS FLOW,0,193,2da Quincena (Días 16+)
Bar Palmas,10219078,10889341,2da Quincena (Días 16+)
Barracuda Cantina,40613,6752,1ra Quincena (Días 1-15)
Bella Pier,7489805,11546481,2da Quincena (Días 16+)
Bola 28 México SA de CV,4715700,8268853,2da Quincena (Días 16+)
C. ORTODONCIA,56237,14925,1ra Quincena (Días 1-15)
C78CL,147454,129895,1ra Quincena (Días 1-15)
CAAS,34297,27628,1ra Quincena (Días 1-15)
CABANE ESCONDIDO,493478,393064,1ra Quincena (Días 1-15)
CABO EVERYTHING,431955,501728,2da Quincena (Días 16+)
CABO SURF SUPPLY,10868,14685,2da Quincena (Días 16+)
CABO TRANSFERS,52761,171599,2da Quincena (Días 16+)
CABOACTIVI,632232,208625,1ra Quincena (Días 1-15)
CACAO SPA TULUM,673254,857748,2da Quincena (Días 16+)
CAFE DE LOS DIOSES,59442,61251,2da Quincena (Días 16+)
CAFE DES ARTISTES,989379,992876,2da Quincena (Días 16+)
CAFE OLE,4790990,4101438,1ra Quincena (Días 1-15)
CAFELETA TANKAH,96414,116365,2da Quincena (Días 16+)
CAFETAME,844212,801820,1ra Quincena (Días 1-15)
CAFETERIA,966492,931290,1ra Quincena (Días 1-15)
CAFETERIA AMERICANO,91246,118278,2da Quincena (Días 16+)
CAFETERIA CCA,8972,645,1ra Quincena (Días 1-15)
CAFETERIA ESCOLAR JW,376019,476986,2da Quincena (Días 16+)
CAFETERIA FENICIA,1233524,1173782,1ra Quincena (Días 1-15)
CAFETERIA PLAYA PALMAS,368242,582280,2da Quincena (Días 16+)
CAFETERIA UABC SAUZAL,560732,608809,2da Quincena (Días 16+)
CAFETERIAS MEXICO,2938336,2856239,1ra Quincena (Días 1-15)
CAFETERÍA RICKY,144329,170816,2da Quincena (Días 16+)
CAFETOMAS,0,5791,2da Quincena (Días 16+)
CAFÉ CAFÉ SAN CARLOS,253744,292845,2da Quincena (Días 16+)
CAFÉ INSURGENTES,160589,126306,1ra Quincena (Días 1-15)
CALIFORNIA BURGUERS,1410,1267,1ra Quincena (Días 1-15)
CALIX TOURS,4318,4081,1ra Quincena (Días 1-15)
CALTURSA,2500000,1950000,1ra Quincena (Días 1-15)
CAM,10000,0,1ra Quincena (Días 1-15)
CAMIONES DE MAZATLAN,0,37,2da Quincena (Días 16+)
CAMPESTRE,1964415,1457023,1ra Quincena (Días 1-15)
CAMPESTRE OAXACA,586707,561363,1ra Quincena (Días 1-15)
CANALLA CANTINA,72720,48766,1ra Quincena (Días 1-15)
CANCUN BAY,3558618,4318896,2da Quincena (Días 16+)
CANCUN PLAZA,114524,22641,1ra Quincena (Días 1-15)
CANELA NAIL BAR,395209,352293,1ra Quincena (Días 1-15)
CANTARITO SANTIAGO,98787,94424,1ra Quincena (Días 1-15)
CANTINA PEMEX,768546,855140,2da Quincena (Días 16+)
CANTINA ROMA,0,778,2da Quincena (Días 16+)
CAPAHELA,23158,24728,2da Quincena (Días 16+)
CAPITALINO,50748,107000,2da Quincena (Días 16+)
CAPITAN DIEGO MENDOZA,45167,4180,1ra Quincena (Días 1-15)
CAR WASH SL,75477,65433,1ra Quincena (Días 1-15)
CARAJITO,544,1063,2da Quincena (Días 16+)
CARGORSA,161627,112065,1ra Quincena (Días 1-15)
CARLOS ARRIATA,3480,0,1ra Quincena (Días 1-15)
CARLOS GANEM,22214,26054,2da Quincena (Días 16+)
CARLOS HERNANDEZ,20000,65500,2da Quincena (Días 16+)
CARLOS HERNANDEZ CDMX,2,0,1ra Quincena (Días 1-15)
CARLOS SANTOS GARZA,1354711,1286821,1ra Quincena (Días 1-15)
CARMELITA MOLINO Y COCINA,1543827,1176972,1ra Quincena (Días 1-15)
CASA ALIZ,339660,353647,2da Quincena (Días 16+)
CASA CORONA,832987,1184224,2da Quincena (Días 16+)
CASA FRUTAS Y VERDURAS,458366,308008,1ra Quincena (Días 1-15)
CASA GARMENDIA CAFÉ Y CHURRERIA,224146,467137,2da Quincena (Días 16+)
CASA GUADALUPE,59587,85650,2da Quincena (Días 16+)
CASA IXUM,462987,492054,2da Quincena (Días 16+)
CASA MADONNA,58234,101477,2da Quincena (Días 16+)
CASA MAKOTO,4451416,3450675,1ra Quincena (Días 1-15)
CASA OPHELIA,1653646,1670641,2da Quincena (Días 16+)
CASA PELAYO,0,700,2da Quincena (Días 16+)
CASA YUTE,1316774,925836,1ra Quincena (Días 1-15)
CASABAKAL,2790517,2147005,1ra Quincena (Días 1-15)
CASAMARTE,0,54485,2da Quincena (Días 16+)
CASONA OBREGON 55,251023,291525,2da Quincena (Días 16+)
CBH MEDICO,3969499,3218819,1ra Quincena (Días 1-15)
CC RESTAURATIVO,101966,16800,1ra Quincena (Días 1-15)
CCC ADMON,2298267,1353606,1ra Quincena (Días 1-15)
CCT TOLUCA,837346,384195,1ra Quincena (Días 1-15)
CECILIA MARQUEZ GONZALEZ,409376,418390,2da Quincena (Días 16+)
CEDYC ZLLO,11212,16253,2da Quincena (Días 16+)
CEDyC,126405,104757,1ra Quincena (Días 1-15)
CEFI,138674,197546,2da Quincena (Días 16+)
CEIBA NEGRA,2771,11123,2da Quincena (Días 16+)
CELIGRA SA DE CV,140410,249365,2da Quincena (Días 16+)
CELINA RODRIGUEZ,2000,2602,2da Quincena (Días 16+)
CENADURIA PLM,12311,0,1ra Quincena (Días 1-15)
CENSURA,45000,77000,2da Quincena (Días 16+)
CENTRAL GINECO OBSTETRICA,11946,17456,2da Quincena (Días 16+)
CENTRAL PLAZA,1017647,1000389,1ra Quincena (Días 1-15)
CENTRO ABETO,10364,14996,2da Quincena (Días 16+)
CENTRO CULTURAL ANAHUAC,1052125,552465,1ra Quincena (Días 1-15)
CENTRO DE DESCUENTOS,474913,708791,2da Quincena (Días 16+)
CENTRO MEDICO CESAT,1039364,1232713,2da Quincena (Días 16+)
CENTRO QUIROPRACTICO,0,6636,2da Quincena (Días 16+)
CENTRO QUIRURGICO JL PRADO,446301,687114,2da Quincena (Días 16+)
CENTRO UNIVERSITARIO PARA LAS CIENCIAS FACTICAS AC,0,9722,2da Quincena (Días 16+)
CERCOP,2000,1500,1ra Quincena (Días 1-15)
CERVECERIA,11277000,14164238,2da Quincena (Días 16+)
CERVECERIA CHAPULTEPEC TIJUANA,917647,987556,2da Quincena (Días 16+)
CERVECERIA INSURGENTES,1901488,1932085,2da Quincena (Días 16+)
CERVECERIA LA MEXICO,143303,240761,2da Quincena (Días 16+)
CERVECERIA URBANA,665482,622579,1ra Quincena (Días 1-15)
CERVEZA NIEBLA,11224,4677,1ra Quincena (Días 1-15)
CESAR MORALES,60000,0,1ra Quincena (Días 1-15)
CESUM,59523,58785,1ra Quincena (Días 1-15)
CHALET,274334,236740,1ra Quincena (Días 1-15)
CHAPULIN,316741,101880,1ra Quincena (Días 1-15)
CHARLYS BAR & GRILL,433828,338600,1ra Quincena (Días 1-15)
CHAVA T,232849,61599,1ra Quincena (Días 1-15)
CHEF RUBEN,19188,23680,2da Quincena (Días 16+)
CHILTEPIN,6404488,4680129,1ra Quincena (Días 1-15)
CHILTEPINO´S SANTA FE,90812,180517,2da Quincena (Días 16+)
CHINAMPA,10820349,9360339,1ra Quincena (Días 1-15)
CHINO DE ALBA,39000,27500,1ra Quincena (Días 1-15)
CHINOYKE,1283492,1287261,2da Quincena (Días 16+)
CHONGS CORTEZ,194631,176337,1ra Quincena (Días 1-15)
CHONGS EXPRESS,263041,249341,1ra Quincena (Días 1-15)
CHUCK BURGERS,3047,2343,1ra Quincena (Días 1-15)
CIBUM,146328,117323,1ra Quincena (Días 1-15)
CIH,5830,0,1ra Quincena (Días 1-15)
CINCO PANES D1,2210921,2283756,2da Quincena (Días 16+)
CIRUGIA PLASTICA MZT,996865,621156,1ra Quincena (Días 1-15)
CLAIRE LAWGSON,321843,65000,1ra Quincena (Días 1-15)
CLAUDIA PICCO CLINIC,128372,0,1ra Quincena (Días 1-15)
CLIFF BURTON 2,375110,352081,1ra Quincena (Días 1-15)
CLINICA ARCOS,143594,59929,1ra Quincena (Días 1-15)
CLINICA DENTAL BLENT,274958,215713,1ra Quincena (Días 1-15)
CLINICA DENTAL EVOLUT,0,2916,2da Quincena (Días 16+)
CLINICA IMATEK IMAGEN,968622,914652,1ra Quincena (Días 1-15)
CLINICA MOJICA,3133,40566,2da Quincena (Días 16+)
CLINICA PANAMERICANA,119334,24635,1ra Quincena (Días 1-15)
CLOTILDE SALGADO SALAZAR,0,4507,2da Quincena (Días 16+)
CLUB DE GOLF SANTA FE,403285,270495,1ra Quincena (Días 1-15)
CLUB SOCIAL PAR DE ASES,91410,94003,2da Quincena (Días 16+)
CMEDICO,127984,248613,2da Quincena (Días 16+)
COBRASOFOM,1996956,2136493,2da Quincena (Días 16+)
COCINA INDUSTRIAL RICARDO´S,421088,464213,2da Quincena (Días 16+)
COCODRILO,36590,44619,2da Quincena (Días 16+)
COCORITA,252429,158363,1ra Quincena (Días 1-15)
COEC CENTRO ODONTOLOGICO,309217,332297,2da Quincena (Días 16+)
COFFEE COZUMEL,2033404,1847331,1ra Quincena (Días 1-15)
COLIBRI CAFÉ,720982,800401,2da Quincena (Días 16+)
COLLECTIVE,1274667,1069585,1ra Quincena (Días 1-15)
COLLER BATH&BODY,1151302,1164837,2da Quincena (Días 16+)
COLOMBIANA QUEEN,25000,204,1ra Quincena (Días 1-15)
COME ANCHOAS,1647219,1720853,2da Quincena (Días 16+)
COMERCIAARVARO SAS DE CV,65650,54425,1ra Quincena (Días 1-15)
COMERCIAL BOLÉTICA,2659835,1431806,1ra Quincena (Días 1-15)
COMERCIALIZADORA ALTABRISA,603088,578480,1ra Quincena (Días 1-15)
COMERCIALIZADORA FEMS,73,98,2da Quincena (Días 16+)
COMERCIALIZADORA HUERTAS,1577915,1316950,1ra Quincena (Días 1-15)
COMERCIALIZADORA LIBERTAD,1978933,2020909,2da Quincena (Días 16+)
COMERCIALIZADORA MC,1231212,1370998,2da Quincena (Días 16+)
COMERCIALIZADORA OTAY,8012289,7714663,1ra Quincena (Días 1-15)
COMERCIALIZADORA TAMY,0,33,2da Quincena (Días 16+)
COMERCIO ZAPATILLAS,20849,5248,1ra Quincena (Días 1-15)
COMIDA CASERA NUTRIRICO,54743,54951,2da Quincena (Días 16+)
COMIDA FIT CANCUN,12845,35404,2da Quincena (Días 16+)
COMO BAHIAS,1481309,1389397,1ra Quincena (Días 1-15)
CONCEPTO ERRE,216896,591903,2da Quincena (Días 16+)
CONCIERGE MEDICO RM,11460,23835,2da Quincena (Días 16+)
CONSCIENTE TU VIBRA,1,0,1ra Quincena (Días 1-15)
CONSTRUCCIONES LH13,80000,75284,1ra Quincena (Días 1-15)
CONSULTA,131545,114876,1ra Quincena (Días 1-15)
CONSULTA GINECOLOGICA,140291,250088,2da Quincena (Días 16+)
CONSULTA NUTRICION,15955,10924,1ra Quincena (Días 1-15)
CONSULTECH,0,103,2da Quincena (Días 16+)
CONSULTORIO 315,449788,542761,2da Quincena (Días 16+)
CONSULTORIO 320,1119239,1134682,2da Quincena (Días 16+)
CONSULTORIO DENTAL K,519428,465702,1ra Quincena (Días 1-15)
CONSULTORIO DRA ALMA VARGAS,418910,495541,2da Quincena (Días 16+)
CONSULTORIO GIO,356003,414108,2da Quincena (Días 16+)
CONSULTORIO MEDICO,613316,755749,2da Quincena (Días 16+)
CONSULTORIO MEDICO ALEJANDRO ZARATE HERNANDEZ,112637,103530,1ra Quincena (Días 1-15)
CONSULTORIO MEDICO MZT,298181,326112,2da Quincena (Días 16+)
CONSULTORIO TE 845,187804,233635,2da Quincena (Días 16+)
CONTEMPLACION RESORT & SPA,1209700,637914,1ra Quincena (Días 1-15)
CONTRATACIONES MERIDA,84715,87908,2da Quincena (Días 16+)
CONTROL Y DISPERSION,5341000,4704008,1ra Quincena (Días 1-15)
COQUETO,601439,397355,1ra Quincena (Días 1-15)
CORP ANCAR,20000,241901,2da Quincena (Días 16+)
CORPORATE HOUSING,224480,289105,2da Quincena (Días 16+)
CORPORATIVO AKYA,3387381,3143907,1ra Quincena (Días 1-15)
CORPORATIVO DIAMANTE SA DE CV,5028424,4218380,1ra Quincena (Días 1-15)
CORPORATIVO FISCAL Y ADMINISTRACIÓN DE NEGOCIOS,147001,35323,1ra Quincena (Días 1-15)
CORPORATIVO GUEL,149350,1000,1ra Quincena (Días 1-15)
CORPORATIVO LEON,0,120625,2da Quincena (Días 16+)
CORPORATIVO MAX,144750,100000,1ra Quincena (Días 1-15)
CORPORATIVO MEDICO,280500,140000,1ra Quincena (Días 1-15)
CORTES,56999,54995,1ra Quincena (Días 1-15)
CORTINAS MAZATLAN,0,500,2da Quincena (Días 16+)
COSMETICOS LP,22346,16673,1ra Quincena (Días 1-15)
COSTA,2517934,2184401,1ra Quincena (Días 1-15)
COSTA BAJA,31013,0,1ra Quincena (Días 1-15)
COSTA BANK FG,37850,173000,2da Quincena (Días 16+)
COUNTRY SALAD,16060,0,1ra Quincena (Días 1-15)
COZUMEL TOURS AND EXCURSION,51470,33348,1ra Quincena (Días 1-15)
CPO,16805,24168,2da Quincena (Días 16+)
CR HEAT,890218,595030,1ra Quincena (Días 1-15)
CR MERIDA,1600,0,1ra Quincena (Días 1-15)
CR MERIDA ITZAES,1565,0,1ra Quincena (Días 1-15)
CREAS,63690359,69300842,2da Quincena (Días 16+)
CRECIENDO EN GRANDE,102817,23737,1ra Quincena (Días 1-15)
CREMINA BISTRO CAFE,680998,622851,1ra Quincena (Días 1-15)
CRISTINA ITZEL GUTIERREZ TORRES,100,0,1ra Quincena (Días 1-15)
CRISTOBAL B,115964,164375,2da Quincena (Días 16+)
CROSS,0,100101,2da Quincena (Días 16+)
CRUGER KANTER CONSULTORIA,56785,200000,2da Quincena (Días 16+)
CSL,191048707,181647915,1ra Quincena (Días 1-15)
CSL 2,554798,287900,1ra Quincena (Días 1-15)
CUATRO ELEMENTOS,0,3292,2da Quincena (Días 16+)
CUCHIFAIS,31591,77409,2da Quincena (Días 16+)
CUCU HOTELS,1025306,952374,1ra Quincena (Días 1-15)
CUENTA DE COMPLEMENTOS,3774615,5256175,2da Quincena (Días 16+)
CUENTA PRINCIPAL DISRUPTIVA,1009621,959128,1ra Quincena (Días 1-15)
CUENTA TERMINAL,8977,1269,1ra Quincena (Días 1-15)
CUEVAS,24500,14000,1ra Quincena (Días 1-15)
CUPI,16210,215234,2da Quincena (Días 16+)
CURA´T,328681,250844,1ra Quincena (Días 1-15)
CV BAR,231951,153429,1ra Quincena (Días 1-15)
CZM PHARMACY,372534,316477,1ra Quincena (Días 1-15)
Casa Oaxaca,8763920,7386204,1ra Quincena (Días 1-15)
Conciliación Unfortunate,0,12563507,2da Quincena (Días 16+)
Consultor Holistico,6190,1780,1ra Quincena (Días 1-15)
Consultorio dental bosques Dr Nasib,157890,118206,1ra Quincena (Días 1-15)
Cuando calienta el sol,879343,850081,1ra Quincena (Días 1-15)
D MAIZ ANTOJERIA MEXICANA,24214,16131,1ra Quincena (Días 1-15)
DAB,170390,289950,2da Quincena (Días 16+)
DACO INTEGRAL,453496,528666,2da Quincena (Días 16+)
DAISSO ACCESORIES,1506,7936,2da Quincena (Días 16+)
DALA´S RACK,10,0,1ra Quincena (Días 1-15)
DALEON,305000,50000,1ra Quincena (Días 1-15)
DANIEL HIRAM MARROQUIN ORTIZ,2044113,201909,1ra Quincena (Días 1-15)
DANIEL LOPEZ LOPEZ,100000,593000,2da Quincena (Días 16+)
DANIEL PINEYRO HOCK,55041,26618,1ra Quincena (Días 1-15)
DANIEL RISENHUBER,2456691,1527464,1ra Quincena (Días 1-15)
DANIEL RODRIGUEZ,20680,0,1ra Quincena (Días 1-15)
DANIELA MIJAREZ,5645227,4156000,1ra Quincena (Días 1-15)
DANNY,24372,174935,2da Quincena (Días 16+)
DANTE BRASA Y FUEGO,2226421,2402348,2da Quincena (Días 16+)
DANTES WINGS,1174360,1288356,2da Quincena (Días 16+)
DANZAMAR,113565,28477,1ra Quincena (Días 1-15)
DARK JAPANESE CUISINE,301777,293571,1ra Quincena (Días 1-15)
DARKO,0,1500,2da Quincena (Días 16+)
DAROSA,295734,160210,1ra Quincena (Días 1-15)
DASHA,0,23054,2da Quincena (Días 16+)
DATAVORTEK SA DE CV,1617960,974968,1ra Quincena (Días 1-15)
DAVID,9855,29776,2da Quincena (Días 16+)
DAVID COTERO,18750,3750,1ra Quincena (Días 1-15)
DAVID PEREZ,10000,0,1ra Quincena (Días 1-15)
DAY PASS,309606,162437,1ra Quincena (Días 1-15)
DE LUNA,0,2500,2da Quincena (Días 16+)
DEJAVU BRANDS,52605,99373,2da Quincena (Días 16+)
DEL PUERTO CAFÉ/RESTO,443391,399306,1ra Quincena (Días 1-15)
DELI CAFE,5400,2215,1ra Quincena (Días 1-15)
DELUXE PRIVATE BOATS,1402736,968304,1ra Quincena (Días 1-15)
DEMENTERYS SOCIETTY SA DE CV,558583,1440776,2da Quincena (Días 16+)
DENTAL INTEGRAL,160854,99133,1ra Quincena (Días 1-15)
DENTAL SAUDINO,98036,292794,2da Quincena (Días 16+)
DENTAL STUDIO,30986,42689,2da Quincena (Días 16+)
DENTZ,1079783,609766,1ra Quincena (Días 1-15)
DEPAS,3350396,2362505,1ra Quincena (Días 1-15)
DEPORTES ENSENADA,3,1,1ra Quincena (Días 1-15)
DEPORTES PRO,47722,0,1ra Quincena (Días 1-15)
DEPORTIVO CENTRO,322595,157480,1ra Quincena (Días 1-15)
DESAYUNOS PB,228297,213413,1ra Quincena (Días 1-15)
DESIRE BEAUTY CLINIC,22733,0,1ra Quincena (Días 1-15)
DESPACHO CYF SPEI,5000,0,1ra Quincena (Días 1-15)
DESPACHO VTL,21975,14859,1ra Quincena (Días 1-15)
DESPECHO TEZONTLE,168678,296335,2da Quincena (Días 16+)
DESRESTAURANT,5268,0,1ra Quincena (Días 1-15)
DESTIL PIU,1423676,1359054,1ra Quincena (Días 1-15)
DESTILERIA 25 HERMOSILLO,931870,657299,1ra Quincena (Días 1-15)
DESTILERIA MZT,9044,4167,1ra Quincena (Días 1-15)
DESTINATION,1622983,984512,1ra Quincena (Días 1-15)
DIEGO C,30000,40000,2da Quincena (Días 16+)
DIEGO DOMINGUEZ,897080,1557873,2da Quincena (Días 16+)
DIEGO LORENZO CUMPLIDO DEL CASTILLO,14476,3579,1ra Quincena (Días 1-15)
DIS21,3104,8262,2da Quincena (Días 16+)
DISENO EN PUBLICIDAD,2925480,0,1ra Quincena (Días 1-15)
DISFRUTABLE VIZCAYA,316925,334069,2da Quincena (Días 16+)
DISOLENSA MEXICO,81306,135533,2da Quincena (Días 16+)
DISTRIBUIDORA QUINTANA,16199,13980,1ra Quincena (Días 1-15)
DISTRIBUIDORA ROGA,79239,98639,2da Quincena (Días 16+)
DIVAS,14592,0,1ra Quincena (Días 1-15)
DIVERSIUM PLAYFROUND,557078,515551,1ra Quincena (Días 1-15)
DIVINA,225920,320068,2da Quincena (Días 16+)
DLP ABOGADOS,1505,0,1ra Quincena (Días 1-15)
DLUZ HOSPITALITY,33885,81739,2da Quincena (Días 16+)
DMLABS,0,431,2da Quincena (Días 16+)
DNM CARIBBEAN,659278,421046,1ra Quincena (Días 1-15)
DOBLEU,313285,373420,2da Quincena (Días 16+)
DOGOS Y BURGER EL P1,5354,1372,1ra Quincena (Días 1-15)
DOLCE BISQUET SAN JERONIMO,22606,0,1ra Quincena (Días 1-15)
DOLCE SALTO,56981,53081,1ra Quincena (Días 1-15)
DOMIK U,587960,550520,1ra Quincena (Días 1-15)
DON BURGUES,714253,712873,1ra Quincena (Días 1-15)
DON JORGE,59911,184841,2da Quincena (Días 16+)
DON RAMON,666336,467356,1ra Quincena (Días 1-15)
DONAIRE HB,19350,38450,2da Quincena (Días 16+)
DONDE ENCUENTRAS,61172,23467,1ra Quincena (Días 1-15)
DOS AGUAS COCINA & BRASAS,23508,15692,1ra Quincena (Días 1-15)
DOS CEIBAS,390605,455757,2da Quincena (Días 16+)
DR AKE NAZUL,72153,42756,1ra Quincena (Días 1-15)
DR ARAMBURO,4928973,1025822,1ra Quincena (Días 1-15)
DR CARLOS SANDOVAL,104696,67322,1ra Quincena (Días 1-15)
DR GUSTAVO SARMIENTO,1469,2927,2da Quincena (Días 16+)
DR JOSE DEL CARMEN,404240,358669,1ra Quincena (Días 1-15)
DR R,46881,139275,2da Quincena (Días 16+)
DR WOOG,3827,4960,2da Quincena (Días 16+)
DR. ALVARO DE ALARCON JAUREGUI,431624,471725,2da Quincena (Días 16+)
DR. ARTURO LARRAZOLO OCHOA,38452,56816,2da Quincena (Días 16+)
DR. FRANCISCO GONZALEZ,117237,165557,2da Quincena (Días 16+)
DR. MIGUEL SERRANO,15127,67973,2da Quincena (Días 16+)
DR. RICARDO PEÑALOZA CUEVAS,253278,302172,2da Quincena (Días 16+)
DR. ROSBEL MOISES RODRIGUEZ GARCÍA,251692,52534,1ra Quincena (Días 1-15)
DRA CAROLINA PEREZ,65786,63357,1ra Quincena (Días 1-15)
DRA ISABEL MORALES,108340,90179,1ra Quincena (Días 1-15)
DRA JASSO,13614,20232,2da Quincena (Días 16+)
DRA SCARLETT GOMEZ ORTIZ,42809,57974,2da Quincena (Días 16+)
DRA. CLAUDIA MADRID,0,20,2da Quincena (Días 16+)
DRA. CLAUDIA VALTIERRA,157371,83593,1ra Quincena (Días 1-15)
DRAGO,6765,0,1ra Quincena (Días 1-15)
DRAGONS69,833282,1596907,2da Quincena (Días 16+)
DRINK SOCIAL GARDEN,315698,217057,1ra Quincena (Días 1-15)
DSMX,216531,141792,1ra Quincena (Días 1-15)
DTP,0,5,2da Quincena (Días 16+)
DUDU HOMES,793763,108028,1ra Quincena (Días 1-15)
DVIC GROUP,1357,0,1ra Quincena (Días 1-15)
Del Valle Cafe,206766,204581,1ra Quincena (Días 1-15)
Diego A,42000,85741,2da Quincena (Días 16+)
Dr Nasib Neguib Balut,129426,143824,2da Quincena (Días 16+)
DÉCIMO ESCALÓN,0,10,2da Quincena (Días 16+)
ECO BOUTIQUE,740643,546838,1ra Quincena (Días 1-15)
ECR CACHO,126390,158309,2da Quincena (Días 16+)
ECR ENSENADA,224631,244828,2da Quincena (Días 16+)
ECR HIPODROMO,237806,199302,1ra Quincena (Días 1-15)
ECR INSURGENTES,125523,203220,2da Quincena (Días 16+)
ECR SALINAS,256363,247681,1ra Quincena (Días 1-15)
ECR VALLE,296854,296582,1ra Quincena (Días 1-15)
ECS,440857,360213,1ra Quincena (Días 1-15)
EDGAR ORTEGA,38541,14935,1ra Quincena (Días 1-15)
EDGARDO AMAYA,0,3625,2da Quincena (Días 16+)
EDGE PROSTODONCIA E IMPLANTES,560,0,1ra Quincena (Días 1-15)
EDO REH,20,0,1ra Quincena (Días 1-15)
EDUARDO ALFREDO VÉLEZ BULLE,20000,240000,2da Quincena (Días 16+)
EDUARDO CASAHONDA,9000,13500,2da Quincena (Días 16+)
EDUARDO TELLEZ,147130,141501,1ra Quincena (Días 1-15)
EDUCACION UNIVERSAL POR COMPETENCIAS S.C.,8406231,1811718,1ra Quincena (Días 1-15)
EDUCANNABIS,137400,119567,1ra Quincena (Días 1-15)
EFREN LEYVA,1000,0,1ra Quincena (Días 1-15)
EIDOS CONSULTING,4264931,408199,1ra Quincena (Días 1-15)
EKO3,490,0,1ra Quincena (Días 1-15)
EL AGUACHIL,318441,366606,2da Quincena (Días 16+)
EL AMIGO,1336093,513338,1ra Quincena (Días 1-15)
EL ARBOLITO,269719,394369,2da Quincena (Días 16+)
EL ASADOR DE LA TOSCANA,1830055,1765472,1ra Quincena (Días 1-15)
EL CAMICHIN,83595,93881,2da Quincena (Días 16+)
EL CARGOL,2970,8800,2da Quincena (Días 16+)
EL CARRITO ROJO,2410,1222,1ra Quincena (Días 1-15)
EL CHAPARRAL,2004,1819,1ra Quincena (Días 1-15)
EL COFFEE TO GO,27341,23672,1ra Quincena (Días 1-15)
EL ENCIERRO RUIN BAR,93272,78774,1ra Quincena (Días 1-15)
EL FÚLBO BY ÁLBITRO VENDIDO,18678,12871,1ra Quincena (Días 1-15)
EL GALLOZON CAMARGO,109916,102986,1ra Quincena (Días 1-15)
EL HUARACHAZO,10,10,1ra Quincena (Días 1-15)
EL IGUANITO BAR & GRILL,42422,52549,2da Quincena (Días 16+)
EL LADO OSCURO DEL MAR,399418,547465,2da Quincena (Días 16+)
EL PALOMAZO,243160,109349,1ra Quincena (Días 1-15)
EL PAN NUESTRO,410288,416865,2da Quincena (Días 16+)
EL PAN NUESTRO OTAY,0,35896,2da Quincena (Días 16+)
EL PATA CONST,25000,0,1ra Quincena (Días 1-15)
EL PRESIDIO,2479835,2230399,1ra Quincena (Días 1-15)
EL PUENTE RESTAURANT,798481,832125,2da Quincena (Días 16+)
EL SELLA POLANCO,133691,230037,2da Quincena (Días 16+)
EL TALLER,390971,577606,2da Quincena (Días 16+)
EL TIGRE,1449604,819106,1ra Quincena (Días 1-15)
EL TOREO,78970,68499,1ra Quincena (Días 1-15)
ELEPHANT HOLDINGS,1600,2500,2da Quincena (Días 16+)
ELEVATE YACHTS CABO,449258,327902,1ra Quincena (Días 1-15)
ELFO,0,25,2da Quincena (Días 16+)
ELIA WELLNES,55047,68130,2da Quincena (Días 16+)
ELISYUM SPA,30618,89281,2da Quincena (Días 16+)
EMILIO,184364,162037,1ra Quincena (Días 1-15)
EMILIO PEREZ,1000,0,1ra Quincena (Días 1-15)
ENDODONTICS,368104,528763,2da Quincena (Días 16+)
ENHANCED,2504191,1019125,1ra Quincena (Días 1-15)
ENRIQUE HUERTA,829173,615369,1ra Quincena (Días 1-15)
ENRIQUE MAGAÑA,70000,90000,2da Quincena (Días 16+)
EP,224,991,2da Quincena (Días 16+)
ERNESTO GUTIERREZ,67369,18187,1ra Quincena (Días 1-15)
ESBR,2319,78766,2da Quincena (Días 16+)
ESCUELA ALE SHALOM,582698,10500,1ra Quincena (Días 1-15)
ESCUELA DE DJ,99430,116730,2da Quincena (Días 16+)
ESPECIALISTAS BOSQUES,1004958,1092697,2da Quincena (Días 16+)
ESPIROPAPA,198287,212681,2da Quincena (Días 16+)
ESTACION B,125163,127986,2da Quincena (Días 16+)
ESTACIONAMIENTO SPK,61553,60497,1ra Quincena (Días 1-15)
ESTADIO EXPERIENCE,303542,164070,1ra Quincena (Días 1-15)
ESTEBAN MARTINEZ,458222,0,1ra Quincena (Días 1-15)
ESTETICA DE PIES,257721,317783,2da Quincena (Días 16+)
ESTHER LUTCHAN,491172,78500,1ra Quincena (Días 1-15)
ETHEREAL BEAUTY CLINIC,300913,287403,1ra Quincena (Días 1-15)
EUROTRIP,93691,321912,2da Quincena (Días 16+)
EUROVENTANAS,103833,131357,2da Quincena (Días 16+)
EVENTOS 10$,130509,189921,2da Quincena (Días 16+)
EVO SF,1332275,550723,1ra Quincena (Días 1-15)
EXIMIUM CARS,0,92669,2da Quincena (Días 16+)
EXPENDIO CAFE,4662373,4029631,1ra Quincena (Días 1-15)
EZ CONTACT CENTER,7309,0,1ra Quincena (Días 1-15)
El NOA NOA,844715,917997,2da Quincena (Días 16+)
Elektra,342172,570974,2da Quincena (Días 16+)
Eli Jasso Salon,191688,152036,1ra Quincena (Días 1-15)
Eventos de Entretenimiento,44188816,32860199,1ra Quincena (Días 1-15)
F3,6044202,2740121,1ra Quincena (Días 1-15)
FALCO,1136791,1131857,1ra Quincena (Días 1-15)
FAN FEST CANCUN,632858,0,1ra Quincena (Días 1-15)
FARMACIA GENERICO Y PATENTE,0,624,2da Quincena (Días 16+)
FASHION TREATS,404528,355703,1ra Quincena (Días 1-15)
FAUNA LONDRES,1082851,1071091,1ra Quincena (Días 1-15)
FEDMVZ,27723,13185,1ra Quincena (Días 1-15)
FELIX ORBIS,74614,64257,1ra Quincena (Días 1-15)
FENIX,331375,369440,2da Quincena (Días 16+)
FENIX MAYOREO,96987,143811,2da Quincena (Días 16+)
FERNANDO CORENSTEIN,50354,32968,1ra Quincena (Días 1-15)
FERNANDO DE IBARROLA,2102219,1127253,1ra Quincena (Días 1-15)
FERNANDO VILLEGAS HERRERA,76643,169903,2da Quincena (Días 16+)
FERTILITY CENTER,22839,17771,1ra Quincena (Días 1-15)
FIDEICOMISO 1616,314793,275000,1ra Quincena (Días 1-15)
FIDEICOMISO 1717,2032,243,1ra Quincena (Días 1-15)
FIDEICOMISO 1818,139988,395661,2da Quincena (Días 16+)
FINANCIERA FORECTAST,20,0,1ra Quincena (Días 1-15)
FIOORE,16079,55282,2da Quincena (Días 16+)
FIRENZE,2858504,2306291,1ra Quincena (Días 1-15)
FISIODINAMIA,4300,2200,1ra Quincena (Días 1-15)
FIX,24815,769,1ra Quincena (Días 1-15)
FIX UP ,3189,1555,1ra Quincena (Días 1-15)
FLASH,413,914,2da Quincena (Días 16+)
FLAUTAS MEXICO,6650,12597,2da Quincena (Días 16+)
FLAUTAS MICHOACAN,702,12749,2da Quincena (Días 16+)
FLAUTASTICAS,98514,98156,1ra Quincena (Días 1-15)
FLDGEGB,47000,158268,2da Quincena (Días 16+)
FLIGHT SERVICES,2834323,1948945,1ra Quincena (Días 1-15)
FLOR DE LOTO,196058,223182,2da Quincena (Días 16+)
FLORES T,82954,66338,1ra Quincena (Días 1-15)
FM,340000,752500,2da Quincena (Días 16+)
FMKT,23000,82500,2da Quincena (Días 16+)
FOCUSVR,0,50,2da Quincena (Días 16+)
FONICO RESTAURANTE,41322,98,1ra Quincena (Días 1-15)
FOOD4LESS,34946718,32717638,1ra Quincena (Días 1-15)
FORET,732541,380582,1ra Quincena (Días 1-15)
FOREVER TIJ,228671,159471,1ra Quincena (Días 1-15)
FORTE DECK,23193,51479,2da Quincena (Días 16+)
FORTEDECK TABASCO,98026,60856,1ra Quincena (Días 1-15)
FORTEDECK TORREON,122882,95620,1ra Quincena (Días 1-15)
FRAJIKO,0,20100,2da Quincena (Días 16+)
FRAN ULTRAMARINOS ROMA,231418,195380,1ra Quincena (Días 1-15)
FRANCISCO AGUILAR SPEI,1577475,653400,1ra Quincena (Días 1-15)
FRANCISCO EP,50,420,2da Quincena (Días 16+)
FRANCISCO NEGRETE,0,4700,2da Quincena (Días 16+)
FRANCISCO PEREZ SALAZAR,23710,45049,2da Quincena (Días 16+)
FRANCISCO XAVIER RODRIGUEZ CHAVARRIA,2349,9355,2da Quincena (Días 16+)
FRANKEL SA DE CV,2032000,1045000,1ra Quincena (Días 1-15)
FREE SPIRIT,10234,22408,2da Quincena (Días 16+)
FRESH N FRIES,960328,1372283,2da Quincena (Días 16+)
FRUTERIA RIVERA,378,45,1ra Quincena (Días 1-15)
FUNDACION CRECIENDO,167532,108865,1ra Quincena (Días 1-15)
FUNERARIA MORENO,194,0,1ra Quincena (Días 1-15)
FUNGI BAR CONDESA,250190,267497,2da Quincena (Días 16+)
FUSTA HOME,0,196,2da Quincena (Días 16+)
FYS BOSCH CAR SERVICE CD JUAREZ,237261,134106,1ra Quincena (Días 1-15)
Foro Lomas,36481253,32328280,1ra Quincena (Días 1-15)
G TIME CALZADA,187267,227161,2da Quincena (Días 16+)
GA,147645,0,1ra Quincena (Días 1-15)
GABRIEL CIUK LAN,0,110,2da Quincena (Días 16+)
GABRIELA GUTIERREZ,1389623,1044618,1ra Quincena (Días 1-15)
GABRIELA VELASCO BAUTISTA,251178,223774,1ra Quincena (Días 1-15)
GANAXA,1122041,1098823,1ra Quincena (Días 1-15)
GARDEN PADEL,0,16080,2da Quincena (Días 16+)
GAS 500,6903245,5937575,1ra Quincena (Días 1-15)
GASTON HERNANDEZ,0,76845,2da Quincena (Días 16+)
GASTRONOMICAS NONINA'S,3186511,3386323,2da Quincena (Días 16+)
GCASA,299390,300000,2da Quincena (Días 16+)
GE AMC,94142,73689,1ra Quincena (Días 1-15)
GEA DENTAL,3770,0,1ra Quincena (Días 1-15)
GEORGES BEJJANI PATIÑO,10000,154975,2da Quincena (Días 16+)
GERARDO A CURTO WILDE,238000,285660,2da Quincena (Días 16+)
GERARDO VILLARREAL,913275,727659,1ra Quincena (Días 1-15)
GERMAN ORTIZ,42890,129350,2da Quincena (Días 16+)
GIGNET SA DE CV,100000,342894,2da Quincena (Días 16+)
GILBERTO LUNA REFERENCIADOR,0,12,2da Quincena (Días 16+)
GIN 686,10287545,9951915,1ra Quincena (Días 1-15)
GINEBRA INVESTMENTS,899583,1048583,2da Quincena (Días 16+)
GIORGIO SIMONE,585300,269800,1ra Quincena (Días 1-15)
GIOVANNA PUENTE,900000,2100000,2da Quincena (Días 16+)
GLOBAL,312644,642492,2da Quincena (Días 16+)
GLOBAL MX,25920,28510,2da Quincena (Días 16+)
GLOBAL VALUE WORKS,307760,114589,1ra Quincena (Días 1-15)
GLOW INOVATION,48418,41272,1ra Quincena (Días 1-15)
GLOW SUPPLEMENTS,400751,370838,1ra Quincena (Días 1-15)
GMEX AUTOS SA DE CV,1978,0,1ra Quincena (Días 1-15)
GO SIM CARD  1,44173,49383,2da Quincena (Días 16+)
GO SIM CARD  2,0,38664,2da Quincena (Días 16+)
GODA SAYAVEDRA,75854,0,1ra Quincena (Días 1-15)
GOGAS,20731,34621,2da Quincena (Días 16+)
GOU PRODUCCIONES S.C,0,150000,2da Quincena (Días 16+)
GP PARK,503006,390419,1ra Quincena (Días 1-15)
GPNA AQUILES SERDAN,129169,158436,2da Quincena (Días 16+)
GRACIELA PEREZ,293000,144750,1ra Quincena (Días 1-15)
GRAN POLLO,273029,258401,1ra Quincena (Días 1-15)
GRAPSEEL,1700000,2000000,2da Quincena (Días 16+)
GREEN PLANET CAFÉ,29974,28965,1ra Quincena (Días 1-15)
GREP MOTORS,46289,10771,1ra Quincena (Días 1-15)
GRUPO ALFONSOS,1273942,1104075,1ra Quincena (Días 1-15)
GRUPO ASCAN,407474,502493,2da Quincena (Días 16+)
GRUPO AZULENGO,1507669,1319805,1ra Quincena (Días 1-15)
GRUPO BEX,1928050,1755580,1ra Quincena (Días 1-15)
GRUPO BRASIL,225705,147868,1ra Quincena (Días 1-15)
GRUPO CABE,520142,491615,1ra Quincena (Días 1-15)
GRUPO CARDENAS SANDOVAL,879420,37750,1ra Quincena (Días 1-15)
GRUPO CAURI,1771780,2165506,2da Quincena (Días 16+)
GRUPO CONCRETERO DE PUEBLA SA DE CV,43660,13520,1ra Quincena (Días 1-15)
GRUPO ELEVA FISOTERAPIA,315194,380118,2da Quincena (Días 16+)
GRUPO FERDEL,372885,333014,1ra Quincena (Días 1-15)
GRUPO FERNANDEZ CUTELLE S.A de C.V,58820,32569,1ra Quincena (Días 1-15)
GRUPO GASTRONOMICO CRISSIS,124844,145819,2da Quincena (Días 16+)
GRUPO GASTRONOMICO VELIA,1867279,2271508,2da Quincena (Días 16+)
GRUPO GETREALL,0,68966,2da Quincena (Días 16+)
GRUPO GV,2961451,2874959,1ra Quincena (Días 1-15)
GRUPO HOTELERO LR,4271831,3984704,1ra Quincena (Días 1-15)
GRUPO IBAMON,124409,80803,1ra Quincena (Días 1-15)
GRUPO IKIGAI,4648512,5259924,2da Quincena (Días 16+)
GRUPO IMPORTADOR DE COMBUSTIBLES,0,1757,2da Quincena (Días 16+)
GRUPO LEON,0,1000,2da Quincena (Días 16+)
GRUPO MAR BELLA,10181986,4933646,1ra Quincena (Días 1-15)
GRUPO MODS,9611470,10724812,2da Quincena (Días 16+)
GRUPO MULTIOBRAS,1000,0,1ra Quincena (Días 1-15)
GRUPO PEDIATRICO,252036,300456,2da Quincena (Días 16+)
GRUPO PICAÑAS,1902291,1469568,1ra Quincena (Días 1-15)
GRUPO PM,0,1903139,2da Quincena (Días 16+)
GRUPO REGIA,707,2477,2da Quincena (Días 16+)
GRUPO RESTAURANTERO BLUM,6683570,6551056,1ra Quincena (Días 1-15)
GRUPO SALJAI,510600,608500,2da Quincena (Días 16+)
GRUPO TOSCANO,7046514,6240160,1ra Quincena (Días 1-15)
GRUPO TOTO,742554,700029,1ra Quincena (Días 1-15)
GRUPO TUKAN,939318,1088820,2da Quincena (Días 16+)
GRUPO VACAM,1944470,1734430,1ra Quincena (Días 1-15)
GTU CAMPUS PACHUCA,401562,280233,1ra Quincena (Días 1-15)
GUAYCHIVA,200,0,1ra Quincena (Días 1-15)
GUILLERMO CANSECO SANCHEZ,2000000,0,1ra Quincena (Días 1-15)
GUZINA,1430630,1687620,2da Quincena (Días 16+)
GVO,2192263,2366665,2da Quincena (Días 16+)
GYNCARE,417544,314026,1ra Quincena (Días 1-15)
GYNEACOLOGIS & AESTHETIC,247512,437570,2da Quincena (Días 16+)
Gaun dresses,318197,272401,1ra Quincena (Días 1-15)
Gineco Julie,347766,298506,1ra Quincena (Días 1-15)
Grupo Descalzo,8772360,8089081,1ra Quincena (Días 1-15)
Grupo Impulza,2839918,3299080,2da Quincena (Días 16+)
Grupo Japones,9827576,9308484,1ra Quincena (Días 1-15)
Grupo L,16910,104845,2da Quincena (Días 16+)
H REGENTE,445376,793949,2da Quincena (Días 16+)
HABIB CORP,600,83319,2da Quincena (Días 16+)
HACIENDA EL SALITRE,98,0,1ra Quincena (Días 1-15)
HACINTTO CANTINA CONTEMPORANEA,205597,206770,2da Quincena (Días 16+)
HAGUAY,319616,277601,1ra Quincena (Días 1-15)
HAISHA COSMETICA DENTAL,111709,60993,1ra Quincena (Días 1-15)
HALMA HEALING,1004244,846268,1ra Quincena (Días 1-15)
HAND LAB,592911,465275,1ra Quincena (Días 1-15)
HANDROLL AND SAKE BAR,56683,77205,2da Quincena (Días 16+)
HANS CRUGER,587,0,1ra Quincena (Días 1-15)
HAPPY TRIBE,131498,151126,2da Quincena (Días 16+)
HARO MEDIA,115410,103144,1ra Quincena (Días 1-15)
HARVEY´S BARBER HOUSE,431085,391353,1ra Quincena (Días 1-15)
HAUSE OF TEMPO,57864,78565,2da Quincena (Días 16+)
HB SALOON,49319,74090,2da Quincena (Días 16+)
HEALTHY GLOW,16369,13387,1ra Quincena (Días 1-15)
HEALTHY SNACKS,158626,60993,1ra Quincena (Días 1-15)
HECTOR CONTRERAS,100,0,1ra Quincena (Días 1-15)
HELADERIA FROZEN MONKEY,99190,104024,2da Quincena (Días 16+)
HELADERIAS MERIDA,105934,108952,2da Quincena (Días 16+)
HEN HOUSE,107704,61964,1ra Quincena (Días 1-15)
HENRY EBS,10162,12274,2da Quincena (Días 16+)
HERIBERTO VALDEZ HERNÁNDEZ,0,135010,2da Quincena (Días 16+)
HERPAGON,773223,1174684,2da Quincena (Días 16+)
HIBM GISON,307,0,1ra Quincena (Días 1-15)
HIDARLING,423000,60450,1ra Quincena (Días 1-15)
HIJOS DEL AVERNO,1154892,1176510,2da Quincena (Días 16+)
HMG,9796,14412,2da Quincena (Días 16+)
HOGWARTS,79600,289799,2da Quincena (Días 16+)
HOLBOX & ASSOCIATES,1046107,693005,1ra Quincena (Días 1-15)
HOLBOX RENTS,208899,116171,1ra Quincena (Días 1-15)
HONORARIOS MEDICOS,70281,64963,1ra Quincena (Días 1-15)
HORNEROH,20594,74206,2da Quincena (Días 16+)
HOSPEDAJE SA DE CV,125434,52263,1ra Quincena (Días 1-15)
HOSPITAL DE LENTES REPARACIONES,6010,12906,2da Quincena (Días 16+)
HOSPITAL MSS,1421275,1951861,2da Quincena (Días 16+)
HOSTAL EL PATIO,19598,21353,2da Quincena (Días 16+)
HOTEL & VILLAS PLAZA DEL REY,10307411,10050637,1ra Quincena (Días 1-15)
HOTEL AMATTE,345420,341649,1ra Quincena (Días 1-15)
HOTEL ARENAS,58120,31154,1ra Quincena (Días 1-15)
HOTEL AURORA,70176,66789,1ra Quincena (Días 1-15)
HOTEL BELO ISLA MUJERES,1853156,1623691,1ra Quincena (Días 1-15)
HOTEL BLUE KAY,63646,55488,1ra Quincena (Días 1-15)
HOTEL BOUTIQUE PARADOR SAN MIGUEL,185761,368332,2da Quincena (Días 16+)
HOTEL CARIBE,370318,502258,2da Quincena (Días 16+)
HOTEL CORTAZA,118187,104915,1ra Quincena (Días 1-15)
HOTEL EL ANCLA,356336,349024,1ra Quincena (Días 1-15)
HOTEL GUARANDUCHA INN,77631,71666,1ra Quincena (Días 1-15)
HOTEL KAN WELLNESS,164918,484434,2da Quincena (Días 16+)
HOTEL LA CEIBA,434339,458777,2da Quincena (Días 16+)
HOTEL MARJABA,678679,770519,2da Quincena (Días 16+)
HOTEL MORELIA,63596,88024,2da Quincena (Días 16+)
HOTEL MUSEO MATAN KA'AN,60698,57977,1ra Quincena (Días 1-15)
HOTEL P,262952,120289,1ra Quincena (Días 1-15)
HOTEL POSADA GUADALUPANA,225556,189007,1ra Quincena (Días 1-15)
HOTEL QUERETARO W,269008,320599,2da Quincena (Días 16+)
HOTEL SAN JOSE,66863,60400,1ra Quincena (Días 1-15)
HOTEL SAN SEBASTIAN,10,0,1ra Quincena (Días 1-15)
HOTEL TERCERA AVENIDA,56844,66400,2da Quincena (Días 16+)
HOTEL TULIJA,749062,746561,1ra Quincena (Días 1-15)
HOTEL U XUL KAH,216314,122666,1ra Quincena (Días 1-15)
HOTEL VILLA DEL CONQUISTADOR,718803,548830,1ra Quincena (Días 1-15)
HOTELERIA Y ALIMENTOS,617801,515605,1ra Quincena (Días 1-15)
HOTELES DE COMITAN,184471,150578,1ra Quincena (Días 1-15)
HOTELES K-SPIN,10,0,1ra Quincena (Días 1-15)
HOTEL LAILA,795490,1130624,2da Quincena (Días 16+)
HUEVITOS TABA,8103,6763,1ra Quincena (Días 1-15)
HUGO AMIEVA,39532,23314,1ra Quincena (Días 1-15)
HUGO GEBELLIN,23206,31994,2da Quincena (Días 16+)
HUGO OTONIEL LARA VILLA,1018474,396920,1ra Quincena (Días 1-15)
HUMAN GAIN CAPITAL,775000,393000,1ra Quincena (Días 1-15)
Hugo Coronado,100,6111,2da Quincena (Días 16+)
IB SAN MIGUEL,139846,140805,2da Quincena (Días 16+)
ICON ROMA,329915,180231,1ra Quincena (Días 1-15)
IFCAPITAL,3309030,3653108,2da Quincena (Días 16+)
IGUANA CAGUAMA,177397,182221,2da Quincena (Días 16+)
IGUINDI,313000,218700,1ra Quincena (Días 1-15)
IL GIGLIO,485965,607419,2da Quincena (Días 16+)
ILEANA AGUILAR,454423,0,1ra Quincena (Días 1-15)
ILED,1599467,1799429,2da Quincena (Días 16+)
IMAGIA,52110,75656,2da Quincena (Días 16+)
IMPERMEABILIZANTES ESPECIALIZADOS DE DURANGO,0,2675,2da Quincena (Días 16+)
IMPORTACIONES EXPRESS,7943009,10658663,2da Quincena (Días 16+)
IMPRENTA GAR,400,850,2da Quincena (Días 16+)
IMPULZA LEON,1123455,999520,1ra Quincena (Días 1-15)
INDUSTRIAL COMERCIAL DEL NOROESTE,88,8,1ra Quincena (Días 1-15)
INFINITY CLINICA & SPA,0,1870,2da Quincena (Días 16+)
INFINITY NAILS & LASHES,28937,28992,2da Quincena (Días 16+)
INMOBILIARIA ET,8727663,556000,1ra Quincena (Días 1-15)
INMOBILIARIA PALSMA,2683984,2103502,1ra Quincena (Días 1-15)
INSIGHT PRODUCTIONS,0,100,2da Quincena (Días 16+)
INSUMOS DEL NORTE,10,0,1ra Quincena (Días 1-15)
INTCOMEXT,6636,25827,2da Quincena (Días 16+)
INTEGRIMUNDOS,10250,14880,2da Quincena (Días 16+)
INTELEKTA EC,10350,17000,2da Quincena (Días 16+)
INTERNATIONAL JEWERLY,2498114,2952981,2da Quincena (Días 16+)
INTERNO JB,726041,3696,1ra Quincena (Días 1-15)
INTERVALLO,367512,188698,1ra Quincena (Días 1-15)
INVESMEX,284555,237750,1ra Quincena (Días 1-15)
INVEST POINT,82,0,1ra Quincena (Días 1-15)
IRASSHAI RAMEN,30239,6572,1ra Quincena (Días 1-15)
IRMA ARCHUNDIA,8366,19003,2da Quincena (Días 16+)
IRMA COACHING,145,0,1ra Quincena (Días 1-15)
IRON MAN 1,251,994,2da Quincena (Días 16+)
ISAAC BENITEZ,1009122,1396854,2da Quincena (Días 16+)
ISLA,1300145,1062309,1ra Quincena (Días 1-15)
ISLA MAZATLAN RC,147912,109594,1ra Quincena (Días 1-15)
ISSA BEAUTY,23128,9664,1ra Quincena (Días 1-15)
IVAN CASTAÑEDA,1960,3200,2da Quincena (Días 16+)
IVAN RIVERA CRUZ,1000000,500000,1ra Quincena (Días 1-15)
IXINA COCINAS,10,0,1ra Quincena (Días 1-15)
Industrias Rioboo Cal Y Mayor SA de CV,9079173,12048678,2da Quincena (Días 16+)
Industrias Rioboo1,661505,457966,1ra Quincena (Días 1-15)
J BURCIAGA,858794,846188,1ra Quincena (Días 1-15)
J&R RIBS COSTILLERIA,267547,259970,1ra Quincena (Días 1-15)
JAIME FERNANDEZ,200000,0,1ra Quincena (Días 1-15)
JAIME GUERRERO,264100,555370,2da Quincena (Días 16+)
JAKARTA CLUB LIFE,2203974,1690359,1ra Quincena (Días 1-15)
JALIL DAUD,151992,513200,2da Quincena (Días 16+)
JANURY´S BOUTIQUE,116404,118647,2da Quincena (Días 16+)
JAPPY OPERADORA,0,10,2da Quincena (Días 16+)
JAQUELINE VAZQUEZ,4037576,594118,1ra Quincena (Días 1-15)
JARD,0,2953428,2da Quincena (Días 16+)
JARRITA DE ORO,4104392,3328619,1ra Quincena (Días 1-15)
JASON 21,3083,3109,2da Quincena (Días 16+)
JAVIER ESCANDON,1749744,3468731,2da Quincena (Días 16+)
JAVIER ORTIZ,805936,199329,1ra Quincena (Días 1-15)
JAVIER PAVANTE,980000,697000,1ra Quincena (Días 1-15)
JCVE,490,0,1ra Quincena (Días 1-15)
JESSICA LOMELIN,50,200,2da Quincena (Días 16+)
JETCAR,9449984,9060953,1ra Quincena (Días 1-15)
JGM,251210,175733,1ra Quincena (Días 1-15)
JIVS,16540,2763,1ra Quincena (Días 1-15)
JMS CONSTRUCTORES,9299,4194,1ra Quincena (Días 1-15)
JOAN MARTA,8668,21,1ra Quincena (Días 1-15)
JOAQUIN DIAZ DE LEON,0,1500,2da Quincena (Días 16+)
JOHN WICK,0,60000,2da Quincena (Días 16+)
JORGE DE IBARROLA,1161421,338450,1ra Quincena (Días 1-15)
JORGE OCTAVIO VAZQUEZ RENDON,128407,233171,2da Quincena (Días 16+)
JOSE ALBERTO CRUZ NARVÁEZ,8236241,7832535,1ra Quincena (Días 1-15)
JOSE ALCAZAR ORTIZ,1378267,1052463,1ra Quincena (Días 1-15)
JOSE CARLOS GARCIA,0,7000,2da Quincena (Días 16+)
JOSE GARCIA REF,10,0,1ra Quincena (Días 1-15)
JOSE LUIS MARTINEZ GONZALEZ,596263,193104,1ra Quincena (Días 1-15)
JOSE MANUEL PEREZ LARA,593299,712379,2da Quincena (Días 16+)
JOSE OCTAVIANO CONTRERAS GUADARRAMA,28094,47416,2da Quincena (Días 16+)
JOSE VASCONCELOS,109105,57210,1ra Quincena (Días 1-15)
JOVIALT CONSULTORIO,401835,530794,2da Quincena (Días 16+)
JOYA ORIGINAL,76648,18668,1ra Quincena (Días 1-15)
JOYERIAS COSTA MAYA,452890,20308,1ra Quincena (Días 1-15)
JOYERIAS DEL CARIBE,2732818,3210663,2da Quincena (Días 16+)
JPSG,394473,264063,1ra Quincena (Días 1-15)
JR,625789,4084640,2da Quincena (Días 16+)
JR CLAMATOS,172245,121823,1ra Quincena (Días 1-15)
JUAN CARLOS GARCIA ALVA,232000,10,1ra Quincena (Días 1-15)
JUAN CRISTOBAL GONZALEZ DE COSSIO,104513,4000,1ra Quincena (Días 1-15)
JUAN DE DIOS HERRERA LOPEZ,351849,423555,2da Quincena (Días 16+)
JUAN HERNANDEZ SOTO,436564,1435449,2da Quincena (Días 16+)
JUAN LUIS GAJARDO,218885,0,1ra Quincena (Días 1-15)
JUAN MANUEL CHAVEZ GARCIA,10023,0,1ra Quincena (Días 1-15)
JUAN MANUEL CRUZ HERERRA,1992279,1764200,1ra Quincena (Días 1-15)
JUAN PABLO VIVANCO,7000,4000,1ra Quincena (Días 1-15)
JUANA MEZCALA,2511164,2435124,1ra Quincena (Días 1-15)
JUANADOLFO MS,0,125100,2da Quincena (Días 16+)
JUGOS EL MANANTIAL CARDEL,599481,546088,1ra Quincena (Días 1-15)
JUGOS EL MANANTIAL RIVIERA,575200,365769,1ra Quincena (Días 1-15)
JULES & LAURENT HOTEL,26271,0,1ra Quincena (Días 1-15)
JULIA AMARO COTA,1,0,1ra Quincena (Días 1-15)
JULIO ANTONIO ALVARADO DEL VECCHIO,3000,4570,2da Quincena (Días 16+)
JULIO CÉSAR ZEBADÚA,195361,0,1ra Quincena (Días 1-15)
JUNIPERO DANCE,106467,178843,2da Quincena (Días 16+)
JUSTO AL CARBON,447,90,1ra Quincena (Días 1-15)
JeroBE,0,97,2da Quincena (Días 16+)
Jonathan DM,0,0,1ra Quincena (Días 1-15)
Joyeria DC,9088351,9034633,1ra Quincena (Días 1-15)
KA NAILS,124414,96991,1ra Quincena (Días 1-15)
KAA ZIHIL HOTEL,815,680,1ra Quincena (Días 1-15)
KAMIKAZE BUNKER,194113,202083,2da Quincena (Días 16+)
KANABOS,1947738,1639293,1ra Quincena (Días 1-15)
KAPA,9362,0,1ra Quincena (Días 1-15)
KAPRA DESIGN,0,108,2da Quincena (Días 16+)
KARENS,686417,723997,2da Quincena (Días 16+)
KARISMA REST,233465,371539,2da Quincena (Días 16+)
KARLA AVELAR,96400,37880,1ra Quincena (Días 1-15)
KARLA GARCIA RAMIREZ,261950,741500,2da Quincena (Días 16+)
KARLA RAMIREZ KALIONCHIZ,0,15116,2da Quincena (Días 16+)
KATHERINE ANN CAICEDO,4,0,1ra Quincena (Días 1-15)
KATITA NOVO,125000,0,1ra Quincena (Días 1-15)
KENZEN SPA ZAPATA,0,48318,2da Quincena (Días 16+)
KILLER SUSHI,7251,7481,2da Quincena (Días 16+)
KING CLUB,349318,389703,2da Quincena (Días 16+)
KING YACHT LOS CABOS,104900,75780,1ra Quincena (Días 1-15)
KOKIN,1323072,1933557,2da Quincena (Días 16+)
KOMAKAI,246908,218200,1ra Quincena (Días 1-15)
KONA CAFETERIA Y RASPADERIA,10,0,1ra Quincena (Días 1-15)
KOOBEN LAAB,241174,222293,1ra Quincena (Días 1-15)
KOOL RESTAURANTE,276879,341498,2da Quincena (Días 16+)
KOREAN SA,1270661,1672952,2da Quincena (Días 16+)
KOTY MX  COMPANY,866163,195345,1ra Quincena (Días 1-15)
KOTY MX  COMPANY  II,176379,105000,1ra Quincena (Días 1-15)
KULTO,124630,110596,1ra Quincena (Días 1-15)
KUMQUAT CATERING,126826,55484,1ra Quincena (Días 1-15)
KUNAISURF,54820,51144,1ra Quincena (Días 1-15)
KUXTAL RESTAURANTE,130284,96699,1ra Quincena (Días 1-15)
KUYEN HOTEL BOUTIQUE,377912,333597,1ra Quincena (Días 1-15)
LA 59,16085,321995,2da Quincena (Días 16+)
LA ARENA THE BOSS,476,0,1ra Quincena (Días 1-15)
LA BARRA CONCHITA PENINSULA,379593,266573,1ra Quincena (Días 1-15)
LA BARRA CONCHITA RAW BAR,567298,457871,1ra Quincena (Días 1-15)
LA BETE NOIRE,457812,461674,2da Quincena (Días 16+)
LA BODEGA,747601,684682,1ra Quincena (Días 1-15)
LA BODEGUITA DEL BURGUES,76854,110563,2da Quincena (Días 16+)
LA BOHEMIA CANTINA,85975,89627,2da Quincena (Días 16+)
LA BUENA FE,4437503,4235837,1ra Quincena (Días 1-15)
LA CANTI SAN LUIS,548844,357031,1ra Quincena (Días 1-15)
LA CANTINA DEL TIO,541567,527617,1ra Quincena (Días 1-15)
LA CASA BY THIERRY BLOUET,327389,268786,1ra Quincena (Días 1-15)
LA CASA DE LA CERVEZA,117688,92426,1ra Quincena (Días 1-15)
LA CASA DE RENATO DAYCARE & SPA,385057,277141,1ra Quincena (Días 1-15)
LA CHURRERIA DE SANTIAGO,1815066,2027152,2da Quincena (Días 16+)
LA CONCHERIA,126612,108744,1ra Quincena (Días 1-15)
LA DIVINA,164132,116456,1ra Quincena (Días 1-15)
LA ESPERANZA,136015,181720,2da Quincena (Días 16+)
LA FAMIGLIA,1026239,919596,1ra Quincena (Días 1-15)
LA GRAN CASONA HERMOSILLO,9705119,9187704,1ra Quincena (Días 1-15)
LA GRAN MURALLA,115128,232611,2da Quincena (Días 16+)
LA HOLANDESA RESTAURANTE,230551,267304,2da Quincena (Días 16+)
LA INGLESA,372441,421853,2da Quincena (Días 16+)
LA JUNGLA BUFFET,475518,410981,1ra Quincena (Días 1-15)
LA LIBERTAD MARISCOS,6320,3940,1ra Quincena (Días 1-15)
LA MANTE CANCUN,619088,599527,1ra Quincena (Días 1-15)
LA MARISQUERIA MAHI MAHI,660781,664428,2da Quincena (Días 16+)
LA MAZATLECA,2556357,2363587,1ra Quincena (Días 1-15)
LA NEGRITA FIAD,31348,0,1ra Quincena (Días 1-15)
LA OTILIA,81749,89280,2da Quincena (Días 16+)
LA PALAPITA,88815,61720,1ra Quincena (Días 1-15)
LA PALMA,179659,212492,2da Quincena (Días 16+)
LA PANCITA,406251,295009,1ra Quincena (Días 1-15)
LA PARRILLITA LERMA,937744,764836,1ra Quincena (Días 1-15)
LA PASTEQUE,40824,46750,2da Quincena (Días 16+)
LA PIETRA,7632,10402,2da Quincena (Días 16+)
LA PIOJERIA,189076,282757,2da Quincena (Días 16+)
LA POBLANITA DE TACUBAYA,69180,6730,1ra Quincena (Días 1-15)
LA ROKOLA,52646,13115,1ra Quincena (Días 1-15)
LA SAGRADA PIZZERIA,761932,884794,2da Quincena (Días 16+)
LA SAGRADA PIZZERIA II,948398,683034,1ra Quincena (Días 1-15)
LA SALINA CANTINA,236531,209448,1ra Quincena (Días 1-15)
LA SIRENA GORDA,755318,499366,1ra Quincena (Días 1-15)
LA SULTANA,0,20,2da Quincena (Días 16+)
LA WERITA,32957,46558,2da Quincena (Días 16+)
LAB TEQUIS MATRIZ,1615592,1245470,1ra Quincena (Días 1-15)
LABORATORIO SALUD Y VIDA,293,97,1ra Quincena (Días 1-15)
LABORATORIOS BPS,41501,35430,1ra Quincena (Días 1-15)
LABORATORIOS DE QUERETARO,141759,178621,2da Quincena (Días 16+)
LABORATORIOS QUIMICOS MZT,2469407,2435253,1ra Quincena (Días 1-15)
LAO,0,15,2da Quincena (Días 16+)
LAR,99500,71945,1ra Quincena (Días 1-15)
LAS FAENAS,2406328,2303960,1ra Quincena (Días 1-15)
LAS KAWAS,875488,979762,2da Quincena (Días 16+)
LAS OPTIKAS SA DE CV,442806,254801,1ra Quincena (Días 1-15)
LAS QKAS 2,217480,218772,2da Quincena (Días 16+)
LATELIER 1011,0,391114,2da Quincena (Días 16+)
LAURA OJEDA,266776,204718,1ra Quincena (Días 1-15)
LAURAM LASHES,10,0,1ra Quincena (Días 1-15)
LAVACO,0,979,2da Quincena (Días 16+)
LE BRUNCH,362576,334862,1ra Quincena (Días 1-15)
LEADING MALE,0,6370,2da Quincena (Días 16+)
LECHE Y MIEL,58195,28467,1ra Quincena (Días 1-15)
LEONARDO FONSECA,0,111,2da Quincena (Días 16+)
LEPONS,149910,195751,2da Quincena (Días 16+)
LESANC,81120,274283,2da Quincena (Días 16+)
LEXU,696837,829691,2da Quincena (Días 16+)
LEYENDAS DEL BOX,368556,259079,1ra Quincena (Días 1-15)
LEÑITA,1145542,1012754,1ra Quincena (Días 1-15)
LF PT,3200000,3014905,1ra Quincena (Días 1-15)
LIBROS LOMAS,0,2374,2da Quincena (Días 16+)
LIDERAZGO EN ACCION,58177,64141,2da Quincena (Días 16+)
LILY´S NOODLES,32152,66860,2da Quincena (Días 16+)
LOA MAZATLAN,0,10,2da Quincena (Días 16+)
LOBITO,102866,112367,2da Quincena (Días 16+)
LOC MACHADO,33392,134625,2da Quincena (Días 16+)
LOCOWINE,190047,229247,2da Quincena (Días 16+)
LOGISTICA INTEGRADA,2358268,2317616,1ra Quincena (Días 1-15)
LOGISTICS NIGHT LIFE,466292,56442,1ra Quincena (Días 1-15)
LOMITOS ABORDO,0,10,2da Quincena (Días 16+)
LOOK N STEP,0,10,2da Quincena (Días 16+)
LORD,329224,501549,2da Quincena (Días 16+)
LORETTO´S SHOWROOMS,30,225,2da Quincena (Días 16+)
LOS BIRREYES,115537,17907,1ra Quincena (Días 1-15)
LOS COCTELES DE VIRREYES SANTA FE,3473917,4162799,2da Quincena (Días 16+)
LOS CRUDOS,10,0,1ra Quincena (Días 1-15)
LOS CUÑADOS CENADURIA,17225,15498,1ra Quincena (Días 1-15)
LOS DENTISTAS DEL NORESTE SC,0,49,2da Quincena (Días 16+)
LOS DOGOS,43388,38169,1ra Quincena (Días 1-15)
LOS ENMASCATACOS SIN LIMITE DE ANTOJO,19007,23721,2da Quincena (Días 16+)
LOS HIJOS DEL MAR TOSTADERIA MAZATLECA,0,444,2da Quincena (Días 16+)
LOS PRIETOS TAQUERIA,1224113,1166481,1ra Quincena (Días 1-15)
LOS TORNILLOS,475908,481228,2da Quincena (Días 16+)
LOUVRE ALEMAN,15346,29276,2da Quincena (Días 16+)
LO´FASSI,168491,3147,1ra Quincena (Días 1-15)
LROC,2414,0,1ra Quincena (Días 1-15)
LUCAS RICO GAZCA,90,98,2da Quincena (Días 16+)
LUCIA GONZALEZ,5469,46067,2da Quincena (Días 16+)
LUCINDAS,30975,35882,2da Quincena (Días 16+)
LUCRE,518400,297774,1ra Quincena (Días 1-15)
LUDLOW BISTRO,995360,989768,1ra Quincena (Días 1-15)
LUIS MEZA,55135,108851,2da Quincena (Días 16+)
LUMPYS,0,4956,2da Quincena (Días 16+)
LUNA,105061,179752,2da Quincena (Días 16+)
LUX TRANSIT,363723,271153,1ra Quincena (Días 1-15)
LUXURY BAGS,0,10,2da Quincena (Días 16+)
LUXURY YACHTS CABO,4861,683,1ra Quincena (Días 1-15)
LW,85868,86702,2da Quincena (Días 16+)
LYFT BY KARLA,20,0,1ra Quincena (Días 1-15)
La Caleta,0,20589,2da Quincena (Días 16+)
La Cienega Restaurante,611960,477531,1ra Quincena (Días 1-15)
Los Arcos,1078309,873190,1ra Quincena (Días 1-15)
M&M,176199,25000,1ra Quincena (Días 1-15)
MAC BLU & ADCOMA,193888,194090,2da Quincena (Días 16+)
MAC DOC,9474,4668,1ra Quincena (Días 1-15)
MACARENA,709441,467496,1ra Quincena (Días 1-15)
MAGIC CLEANING,0,0,1ra Quincena (Días 1-15)
MAGRITTE,1234617,1200103,1ra Quincena (Días 1-15)
MAKKEN,616633,231579,1ra Quincena (Días 1-15)
MALFAVON ANDRADE,31639,91414,2da Quincena (Días 16+)
MALISH,483605,411502,1ra Quincena (Días 1-15)
MALLIA ORGANICS,174352,138312,1ra Quincena (Días 1-15)
MALONTYX SA DE CV,66310,8203,1ra Quincena (Días 1-15)
MAMBA ROOFTOP,92572,0,1ra Quincena (Días 1-15)
MAMI,0,9637,2da Quincena (Días 16+)
MAMMUT PIZZERIA,2614202,2226252,1ra Quincena (Días 1-15)
MANAGER SELERS,175775,140361,1ra Quincena (Días 1-15)
MANOLO P,57500,91704,2da Quincena (Días 16+)
MANOSANTA,1961605,1921882,1ra Quincena (Días 1-15)
MANTENIMIENTO,0,3700,2da Quincena (Días 16+)
MANUEL CORTES,343325,182468,1ra Quincena (Días 1-15)
MANUEL GUIZAR,3570,4560,2da Quincena (Días 16+)
MANUEL OSUNA VILLA,0,100,2da Quincena (Días 16+)
MANUEL RUIZ,0,7732,2da Quincena (Días 16+)
MANUPW,39,0,1ra Quincena (Días 1-15)
MANÉ,936698,692946,1ra Quincena (Días 1-15)
MAORI,672977,572458,1ra Quincena (Días 1-15)
MARAIKA,74621,2904,1ra Quincena (Días 1-15)
MARCAS,19,0,1ra Quincena (Días 1-15)
MARCIA PAULINA CARRANZA VILLALBA,15000,15000,1ra Quincena (Días 1-15)
MARIA D,221347,629115,2da Quincena (Días 16+)
MARIANA ARIAS,592516,460545,1ra Quincena (Días 1-15)
MARIANA HURTADO DELI,5316,264,1ra Quincena (Días 1-15)
MARIANA RAMIREZ,82508,100200,2da Quincena (Días 16+)
MARIANO LASCURAIN DEL PASO,84390,0,1ra Quincena (Días 1-15)
MARICELA RECENDEZ LOPEZ,0,1800,2da Quincena (Días 16+)
MARIETTA COCINA Y JARDIN,60383,32825,1ra Quincena (Días 1-15)
MARISCOS EL ARBOLON,10290,211,1ra Quincena (Días 1-15)
MARISCOS LA CORITA,3013,3032,2da Quincena (Días 16+)
MARISCOS LAS BRISAS,140207,144912,2da Quincena (Días 16+)
MARISCOS LOS CEVICHES MAZATLAN,214314,198400,1ra Quincena (Días 1-15)
MARISCOS LOS PORTEÑOS,670692,487980,1ra Quincena (Días 1-15)
MARISCOS PB,28103,13031,1ra Quincena (Días 1-15)
MARKOVICH BROTHERS & CO,900142,897662,1ra Quincena (Días 1-15)
MARLA LUNA,0,31048,2da Quincena (Días 16+)
MARLA POLO NUTRICION,15665,0,1ra Quincena (Días 1-15)
MARQUESITAS FACTORY,63505,66070,2da Quincena (Días 16+)
MARSTRONG SERVICIOS S.A. DE C.V.,988000,494922,1ra Quincena (Días 1-15)
MARTIN REMONTEL,75795,0,1ra Quincena (Días 1-15)
MARÉE CREPE,122560,93245,1ra Quincena (Días 1-15)
MAS 3,1258224,826055,1ra Quincena (Días 1-15)
MASAMAR,490445,369991,1ra Quincena (Días 1-15)
MASARU SUSHI JURIQUILLA,12353,43406,2da Quincena (Días 16+)
MASARYK,2441629,2178665,1ra Quincena (Días 1-15)
MASTER PADEL ACADEMY,3037,11534,2da Quincena (Días 16+)
MAT,0,231,2da Quincena (Días 16+)
MATRIXX,47760,69650,2da Quincena (Días 16+)
MAU J,601137,1081608,2da Quincena (Días 16+)
MAURICIO MOLINA,17990,14620,1ra Quincena (Días 1-15)
MAURICIO ZEBADUA,374218,42312,1ra Quincena (Días 1-15)
MAVIRI,231468,221732,1ra Quincena (Días 1-15)
MAWACH,55000,80000,2da Quincena (Días 16+)
MAYOREOS DEL NOROESTE,2353,8612,2da Quincena (Días 16+)
MAZAL,3955004,4637979,2da Quincena (Días 16+)
MBC,376512,72843,1ra Quincena (Días 1-15)
MC CONSULTING,472077,569953,2da Quincena (Días 16+)
MCBEAUTY,0,10,2da Quincena (Días 16+)
MCS - Personal,646727,462630,1ra Quincena (Días 1-15)
MDLCB,507597,461174,1ra Quincena (Días 1-15)
ME WE,54795,46136,1ra Quincena (Días 1-15)
MED MUSCLE MAZATLAN,8286,1295,1ra Quincena (Días 1-15)
MEDACARE NATURAL,124,0,1ra Quincena (Días 1-15)
MEDICA CEL,6231,4089,1ra Quincena (Días 1-15)
MEDICAL CENTER,1323196,641314,1ra Quincena (Días 1-15)
MEDICAL_CENTER,77680,55262,1ra Quincena (Días 1-15)
MEDICAMENTOS PARA EL BIENESTAR RURAL,208585,431383,2da Quincena (Días 16+)
MEDICI,0,15,2da Quincena (Días 16+)
MEDICOS LOMAS,270195,212917,1ra Quincena (Días 1-15)
MEDIVEN,379433,475069,2da Quincena (Días 16+)
MEGATACOS,10,10,1ra Quincena (Días 1-15)
MELLOW,0,7000,2da Quincena (Días 16+)
MENO MALE,2315447,1997129,1ra Quincena (Días 1-15)
MENUDERIA GUADALAJARA PACIFICO,637820,508682,1ra Quincena (Días 1-15)
MENUDERIA GUADALAJARA SANTA FE,460696,492352,2da Quincena (Días 16+)
MERCADO MINERO,422564,961546,2da Quincena (Días 16+)
MERCH,5963,0,1ra Quincena (Días 1-15)
MEROMA,168171,148849,1ra Quincena (Días 1-15)
MESON LA VIÑA,621422,616700,1ra Quincena (Días 1-15)
MESOPOTAMIA,210813,236545,2da Quincena (Días 16+)
MESÓN DE ENSENADA,105715,96900,1ra Quincena (Días 1-15)
METRO LANES BOWLING & LOUNGE,578000,0,1ra Quincena (Días 1-15)
MEXICANA EXPRESS,1349318,1772332,2da Quincena (Días 16+)
MEXICO MAGICO,1671926,2057054,2da Quincena (Días 16+)
MEXX21,771491,520642,1ra Quincena (Días 1-15)
MEZCALES MILAGRITO,2289249,2498373,2da Quincena (Días 16+)
MEZCALITAS PUB,203496,228580,2da Quincena (Días 16+)
MI COCINITA,75712,129769,2da Quincena (Días 16+)
MI LOLA CAMELINAS,366161,357960,1ra Quincena (Días 1-15)
MI VIDA TULUM,51894,15295,1ra Quincena (Días 1-15)
MICAELA AILEN GAGLIOLO,17000,12000,1ra Quincena (Días 1-15)
MID PILATES,106112,86904,1ra Quincena (Días 1-15)
MIDRASH ATTESI,69382,102612,2da Quincena (Días 16+)
MIGA,7360966,6485738,1ra Quincena (Días 1-15)
MIINJEJO,60858,19364,1ra Quincena (Días 1-15)
MILAN,44018,45698,2da Quincena (Días 16+)
MILANI B,58861,146381,2da Quincena (Días 16+)
MILO B,76400,200000,2da Quincena (Días 16+)
MILO PETITE,17735,10300,1ra Quincena (Días 1-15)
MINA,387712,0,1ra Quincena (Días 1-15)
MINGO'S PLACE,1110204,1060078,1ra Quincena (Días 1-15)
MINI SUPER ENRIQUE,1480,2047,2da Quincena (Días 16+)
MINU SHOP1,149991,155289,2da Quincena (Días 16+)
MIPLAN.MX,225009,321870,2da Quincena (Días 16+)
MISHA SOKOLOV MLAINOVIC,822283,1640494,2da Quincena (Días 16+)
MISTRAL SPORTING GOODS,160261,307872,2da Quincena (Días 16+)
MITICA,344200,58726,1ra Quincena (Días 1-15)
MIYAKO,1495762,1049013,1ra Quincena (Días 1-15)
MKTTOTAL,122800,110565,1ra Quincena (Días 1-15)
MMW TECH TEAM,0,98,2da Quincena (Días 16+)
MOBILARIA,535824,271227,1ra Quincena (Días 1-15)
MOLKAS BURGUER,451136,363511,1ra Quincena (Días 1-15)
MONE,1227053,1225193,1ra Quincena (Días 1-15)
MONICA JUANA GUERRERO ESPINO,50000,48000,1ra Quincena (Días 1-15)
MONO,2445,3402,2da Quincena (Días 16+)
MONSTRO BUSINESS,20,1019,2da Quincena (Días 16+)
MONSTRO OPERACIONES,7703,10385,2da Quincena (Días 16+)
MOROCHA,167954,173204,2da Quincena (Días 16+)
MOTION GYMNASTICS,164142,31931,1ra Quincena (Días 1-15)
MOTOR & TIRE,50000,2,1ra Quincena (Días 1-15)
MP LINDA VISTA,4895278,2883427,1ra Quincena (Días 1-15)
MR LUCKY DELICIAS,2246048,2066835,1ra Quincena (Días 1-15)
MR LUCKY SAUCILLO,712975,561559,1ra Quincena (Días 1-15)
MR MIME,146064,25000,1ra Quincena (Días 1-15)
MR PAMPAS RIO,5451362,4771466,1ra Quincena (Días 1-15)
MR SUSHI,9744921,9384051,1ra Quincena (Días 1-15)
MR SUSHI FRAN,2235243,2202562,1ra Quincena (Días 1-15)
MR SUSHI RODRIGO,1955748,1852923,1ra Quincena (Días 1-15)
MR. DOG,204974,99445,1ra Quincena (Días 1-15)
MRC,384000,0,1ra Quincena (Días 1-15)
MSK,100369,23502,1ra Quincena (Días 1-15)
MTY RENTALS,151214,128742,1ra Quincena (Días 1-15)
MUJER BONITA,13899,10004,1ra Quincena (Días 1-15)
MULTISERVICIOS,7171,0,1ra Quincena (Días 1-15)
MUSCLESTHETIC,40888,111706,2da Quincena (Días 16+)
MUZA BAR,29235,84371,2da Quincena (Días 16+)
MWSEGURIDAD,2659321,2939541,2da Quincena (Días 16+)
MY SANTA NAIL LASHES,1346,0,1ra Quincena (Días 1-15)
MYHOPIX,0,5000,2da Quincena (Días 16+)
MYSSO,219479,282261,2da Quincena (Días 16+)
MZR SALUDABLE,772787,413733,1ra Quincena (Días 1-15)
MZT ARQUITECTOS,18500,17500,1ra Quincena (Días 1-15)
Mariscos and sushi,2045574,1872558,1ra Quincena (Días 1-15)
Mauricio Doporto,769000,373047,1ra Quincena (Días 1-15)
Memo Avelar,72260,60000,1ra Quincena (Días 1-15)
N3M_GKM,0,35560,2da Quincena (Días 16+)
NAIL ATTELIER,286505,563450,2da Quincena (Días 16+)
NANCY JIMENEZ,3979671,4158266,2da Quincena (Días 16+)
NANO DELTA,38050,88450,2da Quincena (Días 16+)
NAPOLEON,13171,8545,1ra Quincena (Días 1-15)
NARACHIPS TJ,61555,28265,1ra Quincena (Días 1-15)
NATHAN ABALOS,69161,71163,2da Quincena (Días 16+)
NATIVVA,739354,842637,2da Quincena (Días 16+)
NAUTIC FITNESS,653355,241709,1ra Quincena (Días 1-15)
NEARSHORING INVESTMENTS INC,497500,0,1ra Quincena (Días 1-15)
NECTAR PULQUE,13204,14361,2da Quincena (Días 16+)
NECXUS,4660058,4830395,2da Quincena (Días 16+)
NEOBERRY,694464,545772,1ra Quincena (Días 1-15)
NEUMOLOGIA,0,10,2da Quincena (Días 16+)
NEUROFISIOLOGIA Y NEUROLOGÍA,697576,772970,2da Quincena (Días 16+)
NEUROINGENIA CANCUN,328582,397137,2da Quincena (Días 16+)
NG,514320,577569,2da Quincena (Días 16+)
NG CAPILAR,1258094,1354035,2da Quincena (Días 16+)
NICOLAS PEREZ PEREZ,0,50000,2da Quincena (Días 16+)
NICOLE SAN MARTIN CUELLAR,31300,38000,2da Quincena (Días 16+)
NIEBLA MARZO,5262,25586,2da Quincena (Días 16+)
NIEVES,465,327,1ra Quincena (Días 1-15)
NIEVES CENTENARIO,1588915,1454228,1ra Quincena (Días 1-15)
NIPON LEYVA,91773,0,1ra Quincena (Días 1-15)
NITIDO,22400,33892,2da Quincena (Días 16+)
NIVEL CERO,80000,308775,2da Quincena (Días 16+)
NOGUES,0,10,2da Quincena (Días 16+)
NOLIBERTO ZALDIVAR HERNANDEZ,299368,199740,1ra Quincena (Días 1-15)
NOMINA WUZI,615307,951338,2da Quincena (Días 16+)
NOVALI,294257,290000,1ra Quincena (Días 1-15)
NP ASOCIADOS,10000,0,1ra Quincena (Días 1-15)
NURIKO SUSHI EXPRESS,100377,107622,2da Quincena (Días 16+)
NUTRICION SALUDABLE,478281,798004,2da Quincena (Días 16+)
NUTRIOLOGA LORENA,369297,352743,1ra Quincena (Días 1-15)
NV YACHTS,138785,899986,2da Quincena (Días 16+)
Nectarwork,6863844,6251789,1ra Quincena (Días 1-15)
Nexbill Inmobiliaria SA de CV,465308,470627,2da Quincena (Días 16+)
OCEAN MOTORBIKES,37922,46091,2da Quincena (Días 16+)
ODISEA MX,16778340,10618591,1ra Quincena (Días 1-15)
OGT,349739,209000,1ra Quincena (Días 1-15)
OKEY TERIYAKI AND SUSHI,374353,354647,1ra Quincena (Días 1-15)
OLAMI,529905,696025,2da Quincena (Días 16+)
OLIVARES MX,41136,15000,1ra Quincena (Días 1-15)
OLIVETTA,97259,321264,2da Quincena (Días 16+)
OMEGA ESTHETICS,79461,22200,1ra Quincena (Días 1-15)
ONCE AND FOREVER,233122,199883,1ra Quincena (Días 1-15)
ONE BEAT GROUP,340504,745422,2da Quincena (Días 16+)
ONFIELD,2043237,2118577,2da Quincena (Días 16+)
ONLINE MODELING AGENCY,62183,47749,1ra Quincena (Días 1-15)
OP MKT SURESTE,0,10,2da Quincena (Días 16+)
OPERADORA BAJA SHRIMP AND BEER,759393,621137,1ra Quincena (Días 1-15)
OPERADORA BARDO,4691704,4604754,1ra Quincena (Días 1-15)
OPERADORA DE RESTAURANTES,1317191,1001265,1ra Quincena (Días 1-15)
OPERADORA FENOR,557765,340382,1ra Quincena (Días 1-15)
OPERADORA HOLE OUT,307116,174497,1ra Quincena (Días 1-15)
OPERADORA HOTELERA CENTRO,157448,217835,2da Quincena (Días 16+)
OPERADORA HOTELERA EL CARMEN,45156,25259,1ra Quincena (Días 1-15)
OPERADORA HOTELERA HERGUT,5649,30298,2da Quincena (Días 16+)
OPERADORA KENELOA,2850913,3490238,2da Quincena (Días 16+)
OPERADORA MC,131495,46742,1ra Quincena (Días 1-15)
OPTICA PLM,155546,97043,1ra Quincena (Días 1-15)
OPTICA ROCHA,129955,112124,1ra Quincena (Días 1-15)
ORION CAPITAL,4703700,3036142,1ra Quincena (Días 1-15)
ORLANDO ACOSTA,2563,1038,1ra Quincena (Días 1-15)
ORTOPEDIA Y TRAUMATOLOGIA ABC,31654,27347,1ra Quincena (Días 1-15)
OSCAR W,1905721,253625,1ra Quincena (Días 1-15)
OUTLETS TITAN,521547,575647,2da Quincena (Días 16+)
Oaxaca Café,1459234,1406482,1ra Quincena (Días 1-15)
Operadores de servicios (Los Canarios),19840145,18653568,1ra Quincena (Días 1-15)
P CONSULTING GROUP,72478208,60232622,1ra Quincena (Días 1-15)
P MAMI,3029842,2825703,1ra Quincena (Días 1-15)
PABLO ARMAS,78471,101869,2da Quincena (Días 16+)
PABLO CASTILLO,0,390825,2da Quincena (Días 16+)
PABLO GARCIA,709430,874106,2da Quincena (Días 16+)
PABLO VIVANCO BLANCO,21645,55385,2da Quincena (Días 16+)
PACANCUN,14757,77520,2da Quincena (Días 16+)
PACO TACO,3241793,2601362,1ra Quincena (Días 1-15)
PAD3L ALIMENTOS,156838,129646,1ra Quincena (Días 1-15)
PAD3L CAFE,53088,40303,1ra Quincena (Días 1-15)
PADDEL HAUS CELAYA,178137,130250,1ra Quincena (Días 1-15)
PADEL ZONE SM,11312,13897,2da Quincena (Días 16+)
PADELA,0,0,1ra Quincena (Días 1-15)
PADIA JEWELRY,445987,579810,2da Quincena (Días 16+)
PAGOS-CATERING & EVENTOS DE AZUCAR ZAZ SA DE CV,1873221,378903,1ra Quincena (Días 1-15)
PAGOS-DORANTES MEDICOS A LA VANGUARDIA SA DE CV,358782,33137,1ra Quincena (Días 1-15)
PAGOS-DORQUIN SERVICES SA DE CV,30068,1855,1ra Quincena (Días 1-15)
PAGOS-EVENTOS CREATIVOS MADO SA DE CV,167263,14660,1ra Quincena (Días 1-15)
PAGOS-EVENTOS Y RECUERDOS CRISTAL INC SA DE CV,936155,111325,1ra Quincena (Días 1-15)
PAGOS-FIX IT WALDORF SA DE CV,253601,14695,1ra Quincena (Días 1-15)
PAGOS-OPERACIONES MAXIMUS SA DE CV,281756,13964,1ra Quincena (Días 1-15)
PAGOS-OPERADORA JULIET PARKIDS SA DE CV,173143,8501,1ra Quincena (Días 1-15)
PAGOS-UNFORTUNATE EVENTS SA DE CV,482655,27012,1ra Quincena (Días 1-15)
PAIN MEDICAL GROUP,187477,587388,2da Quincena (Días 16+)
PAITITI,1756440,1819439,2da Quincena (Días 16+)
PALA PALA,182903,216283,2da Quincena (Días 16+)
PAMPAS,13083920,11035948,1ra Quincena (Días 1-15)
PAMPAS LA RIOJA,475131,45161,1ra Quincena (Días 1-15)
PAMPAS SALTILLO,396862,192215,1ra Quincena (Días 1-15)
PANADERIA ARTESANAL LC,36079,54769,2da Quincena (Días 16+)
PANADERIA SAN SIMON,2587517,1795664,1ra Quincena (Días 1-15)
PANADERIA SANTA RITA,953134,769045,1ra Quincena (Días 1-15)
PANART,3196,2369,1ra Quincena (Días 1-15)
PANELMEX,40755,117815,2da Quincena (Días 16+)
PANELMEX 2,21982,78301,2da Quincena (Días 16+)
PANLO,186500,200000,2da Quincena (Días 16+)
PANORAMA,920825,774860,1ra Quincena (Días 1-15)
PANORAMA II,181015,94592,1ra Quincena (Días 1-15)
PAPELERIA CHRISTOPHER CORTEZ,188073,130986,1ra Quincena (Días 1-15)
PAPI PALAZUELOS,42929,61798,2da Quincena (Días 16+)
PARADISE PASS CANCUN,28680691,28736123,2da Quincena (Días 16+)
PARALELO 18,600479,468472,1ra Quincena (Días 1-15)
PARQUE CALETA TANKAH,9969851,7893223,1ra Quincena (Días 1-15)
PARQUE ESTACIÓN SJDLT,202,117,1ra Quincena (Días 1-15)
PARRILLA DIANA,162358,106920,1ra Quincena (Días 1-15)
PARRILLA HILL,691522,319151,1ra Quincena (Días 1-15)
PARRILLA POLANCO,221105,231412,2da Quincena (Días 16+)
PARRILLEROS ARGENTINOS,626286,372870,1ra Quincena (Días 1-15)
PASTA E VINO CUERNAVACA,980339,808468,1ra Quincena (Días 1-15)
PATCHESS,17319,3100,1ra Quincena (Días 1-15)
PATIO CENTENARIO,4043,0,1ra Quincena (Días 1-15)
PATIO DOMINGUEZ,535321,355332,1ra Quincena (Días 1-15)
PATRICIA RUIZ GOMEZ,87900,117200,2da Quincena (Días 16+)
PATRICIO HERNANDEZ,70756,194902,2da Quincena (Días 16+)
PATY ROJAS JOYERIA DE AUTOR,0,20,2da Quincena (Días 16+)
PAVONI,13532,17633,2da Quincena (Días 16+)
PDS,247378,269064,2da Quincena (Días 16+)
PEDI Y MANY,225636,78591,1ra Quincena (Días 1-15)
PEDIATRA AM,1954,972,1ra Quincena (Días 1-15)
PEDRO A,68000,20000,1ra Quincena (Días 1-15)
PEDRO MACEDO,9200,0,1ra Quincena (Días 1-15)
PEDRO SÁNCHEZ,634944,0,1ra Quincena (Días 1-15)
PEER 2 COMPANY,889857,2504847,2da Quincena (Días 16+)
"PEGASUS RS, SA DE CV",3493365,3909232,2da Quincena (Días 16+)
PENTHOUSE,1054,0,1ra Quincena (Días 1-15)
PEPE GAUCHO,268887,3481,1ra Quincena (Días 1-15)
PERRO NEGRO,874098,1137444,2da Quincena (Días 16+)
PESCADERIA LAS TORRES,126067,95363,1ra Quincena (Días 1-15)
PESCADOR,996813,1171300,2da Quincena (Días 16+)
PETE WHEELS,169445,44937,1ra Quincena (Días 1-15)
PETOPIA,326659,301185,1ra Quincena (Días 1-15)
PETRA,437468,498355,2da Quincena (Días 16+)
PETROPIPE,279850,0,1ra Quincena (Días 1-15)
PEÑON MEXICO,0,28583,2da Quincena (Días 16+)
PHARMACY,27120,52803,2da Quincena (Días 16+)
PIES SPA LINDA VISTA,107307,124281,2da Quincena (Días 16+)
PIKADONNA,0,486,2da Quincena (Días 16+)
PINCH ME,21000,2600,1ra Quincena (Días 1-15)
PINGOS,530150,682481,2da Quincena (Días 16+)
PINK CADILLAC,371460,426302,2da Quincena (Días 16+)
PINK MR SPA,0,1,2da Quincena (Días 16+)
PINKSUPPLEMENTS,1769695,1611726,1ra Quincena (Días 1-15)
PINTURAS CLASSE B,46028,81118,2da Quincena (Días 16+)
PIRO,160035,876,1ra Quincena (Días 1-15)
PITBULL,3952978,6347840,2da Quincena (Días 16+)
PIZZAS & PASTAS FRATELLI,0,20,2da Quincena (Días 16+)
PIZZAS MAXIMA,136831,144359,2da Quincena (Días 16+)
PIZZAS PASEO,245001,184203,1ra Quincena (Días 1-15)
PLANTAS NATIVAS DE BC,24087,8623,1ra Quincena (Días 1-15)
PLASTIC PERFORMANCE MEXICO,722079,617805,1ra Quincena (Días 1-15)
PLAYA ESMERALDA,164174,50196,1ra Quincena (Días 1-15)
PLAYMUSIC,149257,120318,1ra Quincena (Días 1-15)
PLAYTOWN VS,153088,462301,2da Quincena (Días 16+)
POCS BANK,106500,0,1ra Quincena (Días 1-15)
POKAN JARDINES,12559,4750,1ra Quincena (Días 1-15)
POKE BOWL,404545,393928,1ra Quincena (Días 1-15)
POKE LAGUNA,87671,78120,1ra Quincena (Días 1-15)
POKE SEA,1137247,990576,1ra Quincena (Días 1-15)
POLARIZADOS PANCHOS,129872,116993,1ra Quincena (Días 1-15)
POLISTAS CLUB,74912,0,1ra Quincena (Días 1-15)
POLLEN FLORERIA,0,1779,2da Quincena (Días 16+)
POLLITO BRONCEADO,43267,32863,1ra Quincena (Días 1-15)
POLLO COQUETOS DE CANCUN,721056,615552,1ra Quincena (Días 1-15)
POLO ESPAÑA,4809,3537,1ra Quincena (Días 1-15)
POLOLO POLLOS,101200,89309,1ra Quincena (Días 1-15)
POLVORA,546894,440540,1ra Quincena (Días 1-15)
PONCHO SERRANO,426150,89630,1ra Quincena (Días 1-15)
PONTE VAPO,134165,158994,2da Quincena (Días 16+)
PONZO STORE,254920,167152,1ra Quincena (Días 1-15)
PORTILLA ESPINOLA Y ASOCIADOS,140543,218237,2da Quincena (Días 16+)
POSADA DOÑA LALA,169668,102075,1ra Quincena (Días 1-15)
POSADA LAS FLORES,22911,29587,2da Quincena (Días 16+)
PP BOCA DEL RIO 1,260480,266985,2da Quincena (Días 16+)
PRIDE UNIVERSE,0,1085180,2da Quincena (Días 16+)
PRINCE,3994738,342473,1ra Quincena (Días 1-15)
PRINT,846311,821942,1ra Quincena (Días 1-15)
PRISCILA LOPEZ LOPEZ,170125,275000,2da Quincena (Días 16+)
PRISMALITE,21129,39040,2da Quincena (Días 16+)
PRM,629364,1524788,2da Quincena (Días 16+)
PRO,31171,11379,1ra Quincena (Días 1-15)
PRODUCCIONES Y EVENTOS AB,208533,418340,2da Quincena (Días 16+)
PRODUCTOS MEDICOS,3522466,9204995,2da Quincena (Días 16+)
PRODUCTOS Y SERVICIOS,0,404,2da Quincena (Días 16+)
PROLO VALLARTA,155309,207704,2da Quincena (Días 16+)
PROMOCIONES Y OPER TURISTICAS BACO,1195601,1129869,1ra Quincena (Días 1-15)
PROMOS Y MAS,43197,52723,2da Quincena (Días 16+)
PROMSA,472297,212841,1ra Quincena (Días 1-15)
PRONOIA,2489135,2455587,1ra Quincena (Días 1-15)
PROTESIS INTEGRAL,1012744,1225553,2da Quincena (Días 16+)
PROTESIS Y ESTETICA DENTAL,218663,75264,1ra Quincena (Días 1-15)
PROYECCIONES EDUCATIVAS AC,1004100,585558,1ra Quincena (Días 1-15)
PSICOSOMATIC INTEGRATIVE MEDICINE,62210,77409,2da Quincena (Días 16+)
PT ESCOB,935017,890688,1ra Quincena (Días 1-15)
PUBLICIDAD EN MEDIOS,202000,863000,2da Quincena (Días 16+)
PUERTA PARAISO,1188093,1814341,2da Quincena (Días 16+)
PUNTO 0,229521,202990,1ra Quincena (Días 1-15)
PVMT RENTAS,588463,534492,1ra Quincena (Días 1-15)
PVMT YATES,38688,15000,1ra Quincena (Días 1-15)
PXG,1157654,1253380,2da Quincena (Días 16+)
PayWise - Comerciales,34666658,44891827,2da Quincena (Días 16+)
PayWise - Operaciones & Admon,33378,28349,1ra Quincena (Días 1-15)
PayWise - Tecnología,527905,169772,1ra Quincena (Días 1-15)
QMADRE SON,463711,531322,2da Quincena (Días 16+)
QUANTUM WEALTH ACADEMY,2500,0,1ra Quincena (Días 1-15)
QUARTO,338526,117341,1ra Quincena (Días 1-15)
QUEDALIVRE,24639,24507,1ra Quincena (Días 1-15)
QUEENS BOUTIQUE,166306,57197,1ra Quincena (Días 1-15)
QUEER QUEEN,18292,1678,1ra Quincena (Días 1-15)
QUESABIRRIAS COMPADRE,219629,207307,1ra Quincena (Días 1-15)
QUINTO SOLE,76994,75620,1ra Quincena (Días 1-15)
R RESTAURANTES,3758031,4470634,2da Quincena (Días 16+)
RAC,476350,193000,1ra Quincena (Días 1-15)
RADIOLOGICA DEL NOROESTE,121862,160497,2da Quincena (Días 16+)
RAICES&ROUTES,778919,445608,1ra Quincena (Días 1-15)
RAICOM LICENCIAS FEDERALES,10,0,1ra Quincena (Días 1-15)
RAINFALL BUSINESS,202186,210907,2da Quincena (Días 16+)
RAMEN ARCADE,254,476,2da Quincena (Días 16+)
RAMIRO ROSAS,354707,400526,2da Quincena (Días 16+)
RAMON CORRAL,100,0,1ra Quincena (Días 1-15)
RAMON ESTURAU,141606,139045,1ra Quincena (Días 1-15)
RAMON H,146688,1063094,2da Quincena (Días 16+)
RANDAL INC,20,0,1ra Quincena (Días 1-15)
RANDY PATTY SMASH BURGERS,188482,167231,1ra Quincena (Días 1-15)
RAP,518354,530314,2da Quincena (Días 16+)
RAQYRAQ,4530,9767,2da Quincena (Días 16+)
RAUL DAVID ARCE MORENO,253773,205212,1ra Quincena (Días 1-15)
RAUL JIMENEZ,297296,285694,1ra Quincena (Días 1-15)
RAUL VERA,4640,0,1ra Quincena (Días 1-15)
RCI LATINOAMERICA,157245,120902,1ra Quincena (Días 1-15)
REAL FOOD & PLAY,77019,9090,1ra Quincena (Días 1-15)
RECOVERY DRIVERS TIJUANA,0,0,1ra Quincena (Días 1-15)
RECUPERADORA REBAJA,1720850,1979770,2da Quincena (Días 16+)
REDO STUDIO,448790,280544,1ra Quincena (Días 1-15)
REFACCIONES M,211939,134263,1ra Quincena (Días 1-15)
REGALOS ALEGRA,13326,20868,2da Quincena (Días 16+)
REGGY,112794,206820,2da Quincena (Días 16+)
REGIONAL BOTANERO,0,637,2da Quincena (Días 16+)
REHABIDENT CONSULTORIO DENTAL,0,49,2da Quincena (Días 16+)
REHABILITACION FISICA TJ S DE RL DE CV,137258,164688,2da Quincena (Días 16+)
REINO STUDIO MX,36990,12362,1ra Quincena (Días 1-15)
RENTA JM SM,0,107500,2da Quincena (Días 16+)
REST MAREA ALTA,39000,20000,1ra Quincena (Días 1-15)
RESTAURANT BAR BM,4055,2245,1ra Quincena (Días 1-15)
RESTAURANT DESAYUNOS,20540,12994,1ra Quincena (Días 1-15)
RESTAURANTE 47,1248173,1404525,2da Quincena (Días 16+)
RESTAURANTE AR,100,105,2da Quincena (Días 16+)
RESTAURANTE CASA GLORIA,365330,296268,1ra Quincena (Días 1-15)
RESTAURANTE CENTRO CACTUS,1136190,603040,1ra Quincena (Días 1-15)
RESTAURANTE CHULA VISTA,288318,203516,1ra Quincena (Días 1-15)
RESTAURANTE DH,506556,442017,1ra Quincena (Días 1-15)
RESTAURANTE DOÑA LALA,160031,89335,1ra Quincena (Días 1-15)
RESTAURANTE EGO,2305584,1884193,1ra Quincena (Días 1-15)
RESTAURANTE EL ANCLA,706976,491451,1ra Quincena (Días 1-15)
RESTAURANTE LA CAMINERA,175160,134913,1ra Quincena (Días 1-15)
RESTAURANTE LA MIGA,69623,71356,2da Quincena (Días 16+)
RESTAURANTE MADRE’S,418077,344350,1ra Quincena (Días 1-15)
RESTAURANTE MARIA RIVERA,186904,363797,2da Quincena (Días 16+)
RESTAURANTE SEAFOOD CANCUN,1362628,1248052,1ra Quincena (Días 1-15)
RESTAURANTE TACOMARE,132,0,1ra Quincena (Días 1-15)
RESTAURANTES MR,3828281,4813386,2da Quincena (Días 16+)
REV,8571,20457,2da Quincena (Días 16+)
RF&D,391896,387911,1ra Quincena (Días 1-15)
RICARDO EXPRESS AMISTAD,342410,310928,1ra Quincena (Días 1-15)
RICARDO RESENDEZ,1,1431211,2da Quincena (Días 16+)
RICARDO SANCHEZ LOPEZ,147189,134501,1ra Quincena (Días 1-15)
RICARDO TAPIA,320000,440000,2da Quincena (Días 16+)
RICARDO ZAPATA,223426,163499,1ra Quincena (Días 1-15)
RICKY RICON,116910,287702,2da Quincena (Días 16+)
RICOS TACOS JUVENTUD,201662,259158,2da Quincena (Días 16+)
RIOLAB,433109,417146,1ra Quincena (Días 1-15)
RITMO CAFE,2148482,3125983,2da Quincena (Días 16+)
RM,1359461,785035,1ra Quincena (Días 1-15)
ROBERTO AA,250000,0,1ra Quincena (Días 1-15)
ROBERTO DOMINGUEZ SUBERBIE,0,50970,2da Quincena (Días 16+)
ROCA NORTE,20,0,1ra Quincena (Días 1-15)
ROCR TOURS TRANSPORTE EJECUTIVO LOCAL Y FORANEO,0,1210,2da Quincena (Días 16+)
RODBRUIZ,747148,644899,1ra Quincena (Días 1-15)
RODRIGO BEJARANO,0,10410,2da Quincena (Días 16+)
RODRIGO CASTORENA,2117796,1864400,1ra Quincena (Días 1-15)
ROGELIO VILLASEÑOR,120957,116697,1ra Quincena (Días 1-15)
ROMA SOCIAL BAR,832156,514807,1ra Quincena (Días 1-15)
ROMAN RIQUELME ORTEGA,890500,0,1ra Quincena (Días 1-15)
ROMPEOLAS MARISCOS GUAPOS,167864,163819,1ra Quincena (Días 1-15)
ROPA EL ROBE,0,10,2da Quincena (Días 16+)
ROSNER,25400,3000,1ra Quincena (Días 1-15)
ROXANA CISNEROS COBOS,31500,0,1ra Quincena (Días 1-15)
ROYAL TABLE CANCUN,102003,34243,1ra Quincena (Días 1-15)
RRT,11866,1934,1ra Quincena (Días 1-15)
RSR,1237714,608813,1ra Quincena (Días 1-15)
RUFFUS AND MILA,277963,219077,1ra Quincena (Días 1-15)
RUFFUS CERVANTINO,234998,272919,2da Quincena (Días 16+)
RUSTICO,11497,0,1ra Quincena (Días 1-15)
RUTH,80422,177424,2da Quincena (Días 16+)
RUTILIO TAQUERIA,63170,41016,1ra Quincena (Días 1-15)
"Ramirez Garrido Asociados, SC",1410076,1650468,2da Quincena (Días 16+)
Referenciadores,29922728,23197526,1ra Quincena (Días 1-15)
RioBoo3,0,1017000,2da Quincena (Días 16+)
SACRE DENTAL,386499,236503,1ra Quincena (Días 1-15)
SAINT OUEN SA DE CV,37700000,42000001,2da Quincena (Días 16+)
SALA DE DESPECHO MEXICALI,342301,1192279,2da Quincena (Días 16+)
SALA DE DESPECHO TJ,3763622,2949252,1ra Quincena (Días 1-15)
SALA DE DESPECHO TJ VALLE DE GUADALUPE,2254194,2180816,1ra Quincena (Días 1-15)
SALINAS,64790,0,1ra Quincena (Días 1-15)
SALON BLOSSOM,34883,47845,2da Quincena (Días 16+)
SALON P,306427,447192,2da Quincena (Días 16+)
SAMANTHA HERRERA,34454,29520,1ra Quincena (Días 1-15)
SAMUEL HERRERA,78804,159100,2da Quincena (Días 16+)
SAN TELMO BRU,296226,294704,1ra Quincena (Días 1-15)
SAN TELMO CELAYA,412618,406367,1ra Quincena (Días 1-15)
SAN TELMO JURIQUILLA,467897,341647,1ra Quincena (Días 1-15)
SAN TELMO SMA,60995,5996,1ra Quincena (Días 1-15)
SAN TROPICO,78552,171769,2da Quincena (Días 16+)
SANTA FORTUNA BAKERY & CAFÉ,114489,83912,1ra Quincena (Días 1-15)
SANTIAGO GARZA,22594,591948,2da Quincena (Días 16+)
SANTIAGO JIMENEZ SIMON,0,10000,2da Quincena (Días 16+)
SANTIAGO SANCHEZ FRITSCHE,39878,0,1ra Quincena (Días 1-15)
SANTINO´S PROVEEDORA Y COMERCIALIZADORA DE DGO,50820,55340,2da Quincena (Días 16+)
SANTO ALIVIO,47623,37060,1ra Quincena (Días 1-15)
SARA ZETUNE,6000,0,1ra Quincena (Días 1-15)
SATIVA 4U 1,817706,684577,1ra Quincena (Días 1-15)
SATPRO,994883,811369,1ra Quincena (Días 1-15)
SAUL STRIMLING,236099,187574,1ra Quincena (Días 1-15)
SB,1221476,1090936,1ra Quincena (Días 1-15)
SC STUDIO,78750,580000,2da Quincena (Días 16+)
SCHERZER,298992,145950,1ra Quincena (Días 1-15)
SEA SHELL CITY,273448,222292,1ra Quincena (Días 1-15)
SEAS THE DAY,12500,82800,2da Quincena (Días 16+)
SEASON TRES,5064767,4735572,1ra Quincena (Días 1-15)
SEBAS JOSE DZUL CUEVAS,186500,3111,1ra Quincena (Días 1-15)
SEBASTIAN CORREA,851906,768923,1ra Quincena (Días 1-15)
SECAPSS HOSTING,239135,198440,1ra Quincena (Días 1-15)
SEGUROS GESTORIA LM,1755,6514,2da Quincena (Días 16+)
SELCEX,80000,46528,1ra Quincena (Días 1-15)
SELLWISE,9050,33500,2da Quincena (Días 16+)
SENATORE,2500000,200000,1ra Quincena (Días 1-15)
SENSEI THE LABEL,0,6300,2da Quincena (Días 16+)
SERGIO ZAVALA,0,184678,2da Quincena (Días 16+)
SERVICIO DE MENSAJERIA,527124,482657,1ra Quincena (Días 1-15)
SERVICIOS ADN,235,0,1ra Quincena (Días 1-15)
SERVICIOS ADN QUERETARO,89,6165,2da Quincena (Días 16+)
SERVICIOS CULINARIOS BIENESTAR,424294,420191,1ra Quincena (Días 1-15)
SERVICIOS EJECUTIVOS EDUARDO LOPEZ,0,10,2da Quincena (Días 16+)
SERVICIOS INTEGRALES COLINAS,2115,0,1ra Quincena (Días 1-15)
SERVICIOS JURIDICOS,3629412,3850044,2da Quincena (Días 16+)
SERVICIOS KUROMI,94066,84234,1ra Quincena (Días 1-15)
SERVICIOS MEDICOS Y DENTALES MONTERREY SC,0,15,2da Quincena (Días 16+)
SERVICIOS TURISTICOS,32274,42740,2da Quincena (Días 16+)
SERVICIOS VETERINARIOS PP,277577,262597,1ra Quincena (Días 1-15)
SERVICIOS VOKTER,1803199,600200,1ra Quincena (Días 1-15)
SHA SPA,682,1507,2da Quincena (Días 16+)
SHEM BOX ARROCHITOS,40790,25217,1ra Quincena (Días 1-15)
SHISHI,0,750,2da Quincena (Días 16+)
SHON MOTT MÉXICO,251367,367580,2da Quincena (Días 16+)
SILA PILATES AND WELLNESS,8499,0,1ra Quincena (Días 1-15)
SILENT CONSULTING,127649,65133,1ra Quincena (Días 1-15)
SILVANO BONAVIA,237380,261690,2da Quincena (Días 16+)
SILVER DEER,4095468,5341546,2da Quincena (Días 16+)
SILVER GR,420137,220178,1ra Quincena (Días 1-15)
SIN CRUDA,84038,73990,1ra Quincena (Días 1-15)
SINERGIA SOLUCIONES,1797,14263,2da Quincena (Días 16+)
SIRENA SAN MIGUEL,1222391,1691879,2da Quincena (Días 16+)
SIRIUS,93357,107970,2da Quincena (Días 16+)
SISTEMAS DE SEGURIDAD DE MAZATLAN,135000,148270,2da Quincena (Días 16+)
SIX CHUPIS,5543,3839,1ra Quincena (Días 1-15)
SIX JACQUELINE,105930,102426,1ra Quincena (Días 1-15)
SKIN PROJECT,1068004,1447498,2da Quincena (Días 16+)
SKYBAR CABO,5920424,8255028,2da Quincena (Días 16+)
SMILYS ICECREAM,0,20,2da Quincena (Días 16+)
SNACK BOX,55697,83968,2da Quincena (Días 16+)
SNAP MEXICO,656441,551026,1ra Quincena (Días 1-15)
SOLLANO 67,123504,127893,2da Quincena (Días 16+)
SOLUCIONES CALAIS S.A. DE C.V.,1797012,2043314,2da Quincena (Días 16+)
SONIA SPA MERIDA,16387,11502,1ra Quincena (Días 1-15)
SONORA FITNESS,260441,233834,1ra Quincena (Días 1-15)
SOOTH,262812,125271,1ra Quincena (Días 1-15)
SPA PIES CONTRY,179344,312082,2da Quincena (Días 16+)
SPIKES,4848262,4581235,1ra Quincena (Días 1-15)
SPL,1926465,1891588,1ra Quincena (Días 1-15)
SPORT BOX,958962,771749,1ra Quincena (Días 1-15)
SPORTBAR,1239305,1204914,1ra Quincena (Días 1-15)
SR GROUP,4795481,4825996,2da Quincena (Días 16+)
SR ROMA,325121,251752,1ra Quincena (Días 1-15)
STATHIS THEMELIDIS,50,464000,2da Quincena (Días 16+)
STAY CANCUN,468337,347792,1ra Quincena (Días 1-15)
STEAKHOUSE CLN,31356,54892,2da Quincena (Días 16+)
STEAKS DEL HERRADERO,1948048,1766070,1ra Quincena (Días 1-15)
STELLIUM JOYERIA,121096,253098,2da Quincena (Días 16+)
STRAWBERRY,886804,873868,1ra Quincena (Días 1-15)
STUDIO P,431200,857084,2da Quincena (Días 16+)
STYLE SA DE CV,755670,631650,1ra Quincena (Días 1-15)
STYLIE,118533,0,1ra Quincena (Días 1-15)
SUCRE SALE,865443,826324,1ra Quincena (Días 1-15)
SUITES,322263,144525,1ra Quincena (Días 1-15)
SUPER ABRASIVOS QUIMICOS,42896,49705,2da Quincena (Días 16+)
SUPER CHICLETS,503169,587350,2da Quincena (Días 16+)
SUPER FOODIES ENTERPRISES,71321,61390,1ra Quincena (Días 1-15)
SUPER GUADALUPE,1995604,1958165,1ra Quincena (Días 1-15)
SUPER LOS CORREDORES,58801,226,1ra Quincena (Días 1-15)
SUPER TACOS EL CHINO,86749,94810,2da Quincena (Días 16+)
SURCO,11260,15480,2da Quincena (Días 16+)
SURF CITY DENTAL,250856,496174,2da Quincena (Días 16+)
SUSHI ITTO,1235313,1007139,1ra Quincena (Días 1-15)
SUSHI Y COMIDA JAPONESA CLN,197322,218447,2da Quincena (Días 16+)
SUSHI Y COMIDA JAPONESA LM,710742,596793,1ra Quincena (Días 1-15)
SUSHIS Y TERIYAKIS,1980869,1879723,1ra Quincena (Días 1-15)
SVTULUM,256891,242749,1ra Quincena (Días 1-15)
Servicios Juridicos Especializados,33123,49829,2da Quincena (Días 16+)
Sushi Ken,16503717,15821516,1ra Quincena (Días 1-15)
TABA BBQ,1413044,1489707,2da Quincena (Días 16+)
TABU MIGUEL ALEMAN,5318455,4679971,1ra Quincena (Días 1-15)
TACO DE MAR,397314,405678,2da Quincena (Días 16+)
TACO FACTORY GRAND OUTLET,251977,325460,2da Quincena (Días 16+)
TACO FISH,166201,175716,2da Quincena (Días 16+)
TACO MACHO,1228031,1139319,1ra Quincena (Días 1-15)
TACOS A VAPOR,126055,48863,1ra Quincena (Días 1-15)
TACOS AL CARBON,2676064,2675695,1ra Quincena (Días 1-15)
TACOS CHAVA,1167,1206,2da Quincena (Días 16+)
TACOS DEL SUR,41025,11569,1ra Quincena (Días 1-15)
TACOS DON ZEFE,629001,480929,1ra Quincena (Días 1-15)
TACOS EL DORADO,2178476,2465968,2da Quincena (Días 16+)
TACOS LF,731773,831841,2da Quincena (Días 16+)
TACOS PARADOS,783476,633886,1ra Quincena (Días 1-15)
TACOS SP VALLE,787277,671094,1ra Quincena (Días 1-15)
TACOS Y PARRILLA,641896,602898,1ra Quincena (Días 1-15)
TALACHA CAFETERIA,307288,311270,2da Quincena (Días 16+)
TALKETIN SA DE CV,0,100,2da Quincena (Días 16+)
TALLER AUTOMOTRIZ,16361,52434,2da Quincena (Días 16+)
TALLER CARLOS,54029,58933,2da Quincena (Días 16+)
TALLER CREATIVO,125685,130884,2da Quincena (Días 16+)
TALLER GALLEGO,14990,0,1ra Quincena (Días 1-15)
TALLER MARBELLA,113338,103395,1ra Quincena (Días 1-15)
TALLER OBSON,260288,358304,2da Quincena (Días 16+)
TANGERE,492539,423559,1ra Quincena (Días 1-15)
TANUKI DK,6890,10763,2da Quincena (Días 16+)
TANUKI PLAZA INN,84437,89819,2da Quincena (Días 16+)
TAP ROOM Y CERVECERIA,30975,89489,2da Quincena (Días 16+)
TAPIOCAS,78639,36882,1ra Quincena (Días 1-15)
TAQUERIA EL FILI,997484,910845,1ra Quincena (Días 1-15)
TAQUERIA EL FILI DE GUAMUCHIL,784629,767940,1ra Quincena (Días 1-15)
TAQUERIA EL MORO,1000511,977156,1ra Quincena (Días 1-15)
TAQUERIA EL MORO 2,125737,122399,1ra Quincena (Días 1-15)
TAQUERIA LA NACIONAL,288,5605,2da Quincena (Días 16+)
TAQUERIA LS,1960289,1772024,1ra Quincena (Días 1-15)
TAQUITOS MI AMOR,80765,48021,1ra Quincena (Días 1-15)
TATA MEZCALERIA,593113,596606,2da Quincena (Días 16+)
TATANKA,1197857,1026177,1ra Quincena (Días 1-15)
TAURO CORPORACION,82463,52110,1ra Quincena (Días 1-15)
TEATRO GARIBALDI,472572,360696,1ra Quincena (Días 1-15)
TECHO MALECON,1109414,896898,1ra Quincena (Días 1-15)
TELECABLE,2453055,2977396,2da Quincena (Días 16+)
TELECOMUNICACION LM,628608,619917,1ra Quincena (Días 1-15)
TEMAKY,1064,0,1ra Quincena (Días 1-15)
TEMETZONA,565287,583057,2da Quincena (Días 16+)
TENNISDELSOL,40547,77220,2da Quincena (Días 16+)
TEQUILASPORTSBAR,263967,466489,2da Quincena (Días 16+)
TERAPEUTA HOLISTICO,7875,8728,2da Quincena (Días 16+)
TERESA YEPES,50014,52145,2da Quincena (Días 16+)
TERMOTECS,0,20,2da Quincena (Días 16+)
TERRAZA DIVINA,122423,242902,2da Quincena (Días 16+)
TERRAZA OLKA,80078,68864,1ra Quincena (Días 1-15)
TERRAZA REFORMA 333,1232146,1148570,1ra Quincena (Días 1-15)
TEXAS MARKET,96402,114097,2da Quincena (Días 16+)
TEXTIL,0,339500,2da Quincena (Días 16+)
TFT,414138,334898,1ra Quincena (Días 1-15)
TGBS,891615,886450,1ra Quincena (Días 1-15)
THE FAMOUS PIZZA & BEER,74291,54708,1ra Quincena (Días 1-15)
THE FUNKY OLIVE RESTAURANT,206895,196710,1ra Quincena (Días 1-15)
THE ORIGINAL LOBSTER HOUSE,30170,83467,2da Quincena (Días 16+)
THE PATH,446344,631955,2da Quincena (Días 16+)
THE PENTHOUSE,49388,33877,1ra Quincena (Días 1-15)
THE POINT,188752,170592,1ra Quincena (Días 1-15)
THE PUB COZUMEL,13073,64294,2da Quincena (Días 16+)
THE SICRET GARDEN,0,146,2da Quincena (Días 16+)
THEBONEYARD,678248,660435,1ra Quincena (Días 1-15)
TIATHA,12519655,16012326,2da Quincena (Días 16+)
TIEBREAK IRAPUATO,4127,6943,2da Quincena (Días 16+)
TIENDA 1,267009,237858,1ra Quincena (Días 1-15)
TIENDA CHINA EL DORADO,1542715,1566500,2da Quincena (Días 16+)
TIENDAS GPNA,1097861,869892,1ra Quincena (Días 1-15)
TIGER TKO,41481,0,1ra Quincena (Días 1-15)
TIKITOTS,127649,113401,1ra Quincena (Días 1-15)
TIME TO SHINE,85426,37491,1ra Quincena (Días 1-15)
TIMELESS BEAUTY,0,11,2da Quincena (Días 16+)
TINA,4021680,6399540,2da Quincena (Días 16+)
TINTORERIA NOVO,2366122,2246008,1ra Quincena (Días 1-15)
TIPS CANCUN,11662573,6197801,1ra Quincena (Días 1-15)
TIPTOP PARTY,291826,417481,2da Quincena (Días 16+)
TLUGC14,350,3,1ra Quincena (Días 1-15)
TOBA MZT,438688,385403,1ra Quincena (Días 1-15)
TODOS PARA UNO,342544,313401,1ra Quincena (Días 1-15)
TOP SMILE CANCUN,0,783,2da Quincena (Días 16+)
TORREON ELITE,803419,870057,2da Quincena (Días 16+)
TORTAS LOLO,59988,61902,2da Quincena (Días 16+)
TORTAS WASHMOBILE,1152111,1172631,2da Quincena (Días 16+)
TORTILLERIA Y ABARROTES EL FILI,312197,299972,1ra Quincena (Días 1-15)
TOSCANA,80149,65826,1ra Quincena (Días 1-15)
TOTAL REVOLUTIONS,940886,1175452,2da Quincena (Días 16+)
TOTAL WELLNESS,7400,0,1ra Quincena (Días 1-15)
TOYA RAMOS,61494,71946,2da Quincena (Días 16+)
TOÑO SUAREZ,12500,12500,1ra Quincena (Días 1-15)
TRAGO TABASCO,340855,453591,2da Quincena (Días 16+)
TRAJES ELITE,5343680,4192208,1ra Quincena (Días 1-15)
TRAJES GUADALAJARA,1972055,1823885,1ra Quincena (Días 1-15)
"TRANS OUT, SA DE CV",3665000,410000,1ra Quincena (Días 1-15)
TRANSIT,218263,196966,1ra Quincena (Días 1-15)
TRANSMISIONES T,711071,857497,2da Quincena (Días 16+)
TRANSPORTE MEXICO,1381570,1510420,2da Quincena (Días 16+)
TRANSPORTES GYM INTERNATIONAL,2914132,2973375,2da Quincena (Días 16+)
TRANSPORTES MAX CANCUN,1639067,1942570,2da Quincena (Días 16+)
TRANSPORTES Y ESTACIONAMIENTOS YTV,484270,158060,1ra Quincena (Días 1-15)
TRASHER INC.,0,20,2da Quincena (Días 16+)
TRASTEVERE,605096,718252,2da Quincena (Días 16+)
TRAVEL INNOVATIONS SJ,2376427,2695649,2da Quincena (Días 16+)
TRAVESIAS,370997,333051,1ra Quincena (Días 1-15)
TROGRIM,12487,16655,2da Quincena (Días 16+)
TROLLENAS,0,4000,2da Quincena (Días 16+)
TRYPHE,5872,11830,2da Quincena (Días 16+)
TUGUAPOPORSIEMPRE,70450,54350,1ra Quincena (Días 1-15)
TUNA BLANCA,324538,288290,1ra Quincena (Días 1-15)
TURKISH,754733,779864,2da Quincena (Días 16+)
TUTSI POP RESTO,379590,308890,1ra Quincena (Días 1-15)
TWS PTA,17640,0,1ra Quincena (Días 1-15)
Taco City Café,3531751,2735968,1ra Quincena (Días 1-15)
The Yellow,2133062,1473292,1ra Quincena (Días 1-15)
Traumatologia Q.Roo,74155,70722,1ra Quincena (Días 1-15)
UDENTAL ENFERMERIA,21522,13524,1ra Quincena (Días 1-15)
UMIA STUDIO,1491503,1736323,2da Quincena (Días 16+)
UMINDERS,47550,12000,1ra Quincena (Días 1-15)
UNIDAD DE ENDOSCOPIA,15243,43401,2da Quincena (Días 16+)
UNIDAD ONCOLÓGICA,88308,197971,2da Quincena (Días 16+)
UNIVERSIDAD NACIONAL 2,0,1719215,2da Quincena (Días 16+)
UNIVERSO,55000,40000,1ra Quincena (Días 1-15)
UNLIMITED STORE,923209,718911,1ra Quincena (Días 1-15)
V C,0,127500,2da Quincena (Días 16+)
V.V SERVICES,209868,274912,2da Quincena (Días 16+)
VALENTINA OLIVETTO,160000,135000,1ra Quincena (Días 1-15)
VANESA PEREZ,389882,640119,2da Quincena (Días 16+)
VASTO TRATTORIA,242680,158084,1ra Quincena (Días 1-15)
VCT,142888,168885,2da Quincena (Días 16+)
VEBA IMAGEN GENDERLESS,0,3076,2da Quincena (Días 16+)
VEBAR & CO,2888,0,1ra Quincena (Días 1-15)
VEMIKINA,204565,48250,1ra Quincena (Días 1-15)
VENLAT,429575,376305,1ra Quincena (Días 1-15)
VENUE 867,905864,488702,1ra Quincena (Días 1-15)
VERA,229864,345443,2da Quincena (Días 16+)
VERDURAS EXPRESS,2634315,3051110,2da Quincena (Días 16+)
VERO HOLDINGS,0,1,2da Quincena (Días 16+)
VERTEX,1137390,440060,1ra Quincena (Días 1-15)
VETERINARIA SAN GIL,745675,838314,2da Quincena (Días 16+)
VETERINARIA SAN LAZARO,87580,81190,1ra Quincena (Días 1-15)
VHU,2836659,2626502,1ra Quincena (Días 1-15)
VIAJA STORE,50000,0,1ra Quincena (Días 1-15)
VIAJES CON ALMA,526257,307744,1ra Quincena (Días 1-15)
VIAJES CON EL,1681252,516190,1ra Quincena (Días 1-15)
VIAJES CON SENTIDO,923910,39623,1ra Quincena (Días 1-15)
VIATICOS MASTER,0,124711,2da Quincena (Días 16+)
VINOS LECHUZA,25111,2631,1ra Quincena (Días 1-15)
VINOS UNICOS,7646,20971,2da Quincena (Días 16+)
VIP FLY,1636705,1713563,2da Quincena (Días 16+)
VISTA VALLE,0,4948,2da Quincena (Días 16+)
VITAL HEALTH GLOBAL,186505,36849,1ra Quincena (Días 1-15)
VITAL HEALTH GLOBAL EVENTOS,3588155,6301755,2da Quincena (Días 16+)
VITALMART,42132,29907,1ra Quincena (Días 1-15)
VITROCAR,752497,762914,2da Quincena (Días 16+)
VIVA OLIVIA,1202836,1001513,1ra Quincena (Días 1-15)
VIVA PALAPA,1091512,1203391,2da Quincena (Días 16+)
VM STORE,66679,63615,1ra Quincena (Días 1-15)
VVR,69403,71993,2da Quincena (Días 16+)
W&R,0,6488,2da Quincena (Días 16+)
WAFFLE SAN LUIS,670535,546199,1ra Quincena (Días 1-15)
WAKE UP,10989,10124,1ra Quincena (Días 1-15)
WARTER ADMON,3000,61188,2da Quincena (Días 16+)
WARTER MEXICO,523363,224900,1ra Quincena (Días 1-15)
WATERS EDGE BISTRO,794644,705083,1ra Quincena (Días 1-15)
WAYNA,4576387,4350993,1ra Quincena (Días 1-15)
WELL SO WELL,93018,126343,2da Quincena (Días 16+)
WELLNESSPADELL,10,0,1ra Quincena (Días 1-15)
WHOLEJUICE,62001,71533,2da Quincena (Días 16+)
WHOLIES,24597,95470,2da Quincena (Días 16+)
WOOD WORKS,0,13610,2da Quincena (Días 16+)
WUXPHARMA,107522,169684,2da Quincena (Días 16+)
Wuzi - Principal Interno,244690,95123,1ra Quincena (Días 1-15)
X SU POLLO,1128,1269,2da Quincena (Días 16+)
XANEQUE GDL,403433,408443,2da Quincena (Días 16+)
XAVIER GARDUÑO,0,49,2da Quincena (Días 16+)
XAVIER MYYCASA,114514,156775,2da Quincena (Días 16+)
XILOTE,1612520,1553101,1ra Quincena (Días 1-15)
XINA YING,642390,730395,2da Quincena (Días 16+)
XOLO HOSTAL,89794,110568,2da Quincena (Días 16+)
XPEKTRE CAPITAL GROUP SAPI DE CV,10,991001,2da Quincena (Días 16+)
XV TERRAZA,402912,336829,1ra Quincena (Días 1-15)
Y SUSHI,973058,717515,1ra Quincena (Días 1-15)
YACHTVIBES,848180,927247,2da Quincena (Días 16+)
YAEL ANTONIO ALPUIN IZQUIERDO,40,1500,2da Quincena (Días 16+)
YALKU,1021731,1075813,2da Quincena (Días 16+)
YATES CANCUN,550000,300000,1ra Quincena (Días 1-15)
YOI NI SUSHI,351658,328649,1ra Quincena (Días 1-15)
YUKA,68567,46827,1ra Quincena (Días 1-15)
YUSEF TANUS GAZAL,90972,0,1ra Quincena (Días 1-15)
Z JEWELRY,967234,1406174,2da Quincena (Días 16+)
ZABRA,77670,196230,2da Quincena (Días 16+)
ZAIDA MORENO,87600,0,1ra Quincena (Días 1-15)
ZASSHI MZT,1104218,1366111,2da Quincena (Días 16+)
ZASSHI SUSHI,112848,203371,2da Quincena (Días 16+)
ZAZIL YA,1719,4552,2da Quincena (Días 16+)
ZC COMUNICA SA DE CV,2499,2340,1ra Quincena (Días 1-15)
ZEN MAZATLAN,1867820,1674611,1ra Quincena (Días 1-15)
ZERA,74248,76345,2da Quincena (Días 16+)
ZERO LASER ESTUDIO,103015,104042,2da Quincena (Días 16+)
ZIMSLAC,1600000,900000,1ra Quincena (Días 1-15)
ZK DISTRIBUIDORA DE MODA,269341,412757,2da Quincena (Días 16+)
ZOIKA,0,20000,2da Quincena (Días 16+)
ZONA TRENDY,30,10,1ra Quincena (Días 1-15)
ZOO BEACH CLUB ENTERTAINMENT,52248,71589,2da Quincena (Días 16+)
ÁRIDO ROMERO,21755,29765,2da Quincena (Días 16+)
