Holder,Ranking,Vendedor,Director
JUANA MEZCALA,119,Abraham Achar,Adam Dorenbaum
EVO SF,273,Abraham Achar,Adam Dorenbaum
POKE SEA,306,Abraham Achar,Adam Dorenbaum
THEBONEYARD,350,Abraham Achar,Adam Dorenbaum
DON RAMON,437,Abraham Achar,Adam Dorenbaum
CAMPESTRE OAXACA,449,Abraham Achar,Adam Dorenbaum
MAORI,493,Abraham Achar,Adam Dorenbaum
CCT TOLUCA,537,Abraham Achar,Adam Dorenbaum
COEC CENTRO ODONTOLOGICO,579,Abraham Achar,Adam Dorenbaum
CANELA NAIL BAR,682,Abraham Achar,Adam Dorenbaum
CUPI,811,Abraham Achar,Adam Dorenbaum
MALLIA ORGANICS,1008,Abraham Achar,Adam Dorenbaum
HORNEROH,1155,Abraham Achar,Adam Dorenbaum
ESBR,1199,Abraham Achar,Adam Dorenbaum
NITIDO,1253,Abraham Achar,Adam Dorenbaum
ANG,1317,Abraham Achar,Adam Dorenbaum
CERVEZA NIEBLA,1320,Abraham Achar,Adam Dorenbaum
TIEBREAK IRAPUATO,1349,Abraham Achar,Adam Dorenbaum
DRA JASSO,1354,Abraham Achar,Adam Dorenbaum
MYHOPIX,1406,Abraham Achar,Adam Dorenbaum
QUEDALIVRE,1425,Abraham Achar,Adam Dorenbaum
DMLABS,1499,Abraham Achar,Adam Dorenbaum
MAT,1505,Abraham Achar,Adam Dorenbaum
CHAVA T,1509,Abraham Achar,Adam Dorenbaum
Eventos de Entretenimiento,4,Adam Dorenbaum,Adam Dorenbaum
Grupo Descalzo,20,Adam Dorenbaum,Adam Dorenbaum
Grupo Japones,24,Adam Dorenbaum,Adam Dorenbaum
GRUPO RESTAURANTERO BLUM,46,Adam Dorenbaum,Adam Dorenbaum
SR GROUP,63,Adam Dorenbaum,Adam Dorenbaum
SILVER DEER,70,Adam Dorenbaum,Adam Dorenbaum
CBH MEDICO,81,Adam Dorenbaum,Adam Dorenbaum
ORION CAPITAL,84,Adam Dorenbaum,Adam Dorenbaum
MEZCALES MILAGRITO,110,Adam Dorenbaum,Adam Dorenbaum
JOSE ALBERTO CRUZ NARVÁEZ,122,Adam Dorenbaum,Adam Dorenbaum
CAMPESTRE,159,Adam Dorenbaum,Adam Dorenbaum
JUAN MANUEL CRUZ HERERRA,167,Adam Dorenbaum,Adam Dorenbaum
ENHANCED,180,Adam Dorenbaum,Adam Dorenbaum
"TRANS OUT, SA DE CV",181,Adam Dorenbaum,Adam Dorenbaum
ILED,182,Adam Dorenbaum,Adam Dorenbaum
ONFIELD,187,Adam Dorenbaum,Adam Dorenbaum
GRUPO GASTRONOMICO VELIA,194,Adam Dorenbaum,Adam Dorenbaum
ISAAC BENITEZ,228,Adam Dorenbaum,Adam Dorenbaum
PROTESIS INTEGRAL,244,Adam Dorenbaum,Adam Dorenbaum
HOTEL LAILA,252,Adam Dorenbaum,Adam Dorenbaum
ESPECIALISTAS BOSQUES,253,Adam Dorenbaum,Adam Dorenbaum
VIAJES CON EL,301,Adam Dorenbaum,Adam Dorenbaum
COMERCIALIZADORA MC,304,Adam Dorenbaum,Adam Dorenbaum
HOTEL TULIJA,356,Adam Dorenbaum,Adam Dorenbaum
PRINCE,382,Adam Dorenbaum,Adam Dorenbaum
SEBASTIAN CORREA,395,Adam Dorenbaum,Adam Dorenbaum
KOTY MX  COMPANY,419,Adam Dorenbaum,Adam Dorenbaum
SUPER CHICLETS,424,Adam Dorenbaum,Adam Dorenbaum
VERTEX,429,Adam Dorenbaum,Adam Dorenbaum
SERVICIO DE MENSAJERIA,503,Adam Dorenbaum,Adam Dorenbaum
CONSULTORIO DENTAL K,545,Adam Dorenbaum,Adam Dorenbaum
VIAJES CON SENTIDO,560,Adam Dorenbaum,Adam Dorenbaum
DEL PUERTO CAFÉ/RESTO,589,Adam Dorenbaum,Adam Dorenbaum
ENDODONTICS,610,Adam Dorenbaum,Adam Dorenbaum
VIAJES CON ALMA,615,Adam Dorenbaum,Adam Dorenbaum
YOI NI SUSHI,617,Adam Dorenbaum,Adam Dorenbaum
SVTULUM,683,Adam Dorenbaum,Adam Dorenbaum
DACO INTEGRAL,684,Adam Dorenbaum,Adam Dorenbaum
CONSULTORIO TE 845,695,Adam Dorenbaum,Adam Dorenbaum
RESTAURANTE CHULA VISTA,698,Adam Dorenbaum,Adam Dorenbaum
TEXTIL,733,Adam Dorenbaum,Adam Dorenbaum
KOTY MX  COMPANY  II,740,Adam Dorenbaum,Adam Dorenbaum
ALE,753,Adam Dorenbaum,Adam Dorenbaum
ESCUELA ALE SHALOM,763,Adam Dorenbaum,Adam Dorenbaum
SOOTH,764,Adam Dorenbaum,Adam Dorenbaum
ALEX HOME,793,Adam Dorenbaum,Adam Dorenbaum
PONTE VAPO,801,Adam Dorenbaum,Adam Dorenbaum
HOTEL POSADA GUADALUPANA,805,Adam Dorenbaum,Adam Dorenbaum
AWD,830,Adam Dorenbaum,Adam Dorenbaum
SAUL STRIMLING,841,Adam Dorenbaum,Adam Dorenbaum
MERCADO MINERO,844,Adam Dorenbaum,Adam Dorenbaum
M&M,846,Adam Dorenbaum,Adam Dorenbaum
ABZ,864,Adam Dorenbaum,Adam Dorenbaum
RESTAURANTE LA CAMINERA,872,Adam Dorenbaum,Adam Dorenbaum
PATRICIO HERNANDEZ,873,Adam Dorenbaum,Adam Dorenbaum
CAFETERÍA RICKY,904,Adam Dorenbaum,Adam Dorenbaum
BATMAN 1,927,Adam Dorenbaum,Adam Dorenbaum
RUTH,961,Adam Dorenbaum,Adam Dorenbaum
AWARE,968,Adam Dorenbaum,Adam Dorenbaum
V C,983,Adam Dorenbaum,Adam Dorenbaum
ALFREDO,1058,Adam Dorenbaum,Adam Dorenbaum
CAR WASH SL,1073,Adam Dorenbaum,Adam Dorenbaum
FERNANDO CORENSTEIN,1102,Adam Dorenbaum,Adam Dorenbaum
HOTEL SAN JOSE,1107,Adam Dorenbaum,Adam Dorenbaum
DANIEL PINEYRO HOCK,1114,Adam Dorenbaum,Adam Dorenbaum
DR. ARTURO LARRAZOLO OCHOA,1115,Adam Dorenbaum,Adam Dorenbaum
LILY´S NOODLES,1131,Adam Dorenbaum,Adam Dorenbaum
MIDRASH ATTESI,1133,Adam Dorenbaum,Adam Dorenbaum
STYLIE,1134,Adam Dorenbaum,Adam Dorenbaum
CENSURA,1141,Adam Dorenbaum,Adam Dorenbaum
GRUPO GASTRONOMICO CRISSIS,1157,Adam Dorenbaum,Adam Dorenbaum
ANTOJITOS MEXICANOS,1168,Adam Dorenbaum,Adam Dorenbaum
KENZEN SPA ZAPATA,1181,Adam Dorenbaum,Adam Dorenbaum
GEORGES BEJJANI PATIÑO,1185,Adam Dorenbaum,Adam Dorenbaum
RESTAURANTE LA MIGA,1192,Adam Dorenbaum,Adam Dorenbaum
FEDMVZ,1221,Adam Dorenbaum,Adam Dorenbaum
FENIX MAYOREO,1236,Adam Dorenbaum,Adam Dorenbaum
LA 59,1266,Adam Dorenbaum,Adam Dorenbaum
PAVONI,1285,Adam Dorenbaum,Adam Dorenbaum
TROGRIM,1315,Adam Dorenbaum,Adam Dorenbaum
ROSNER,1316,Adam Dorenbaum,Adam Dorenbaum
DAVID COTERO,1324,Adam Dorenbaum,Adam Dorenbaum
HOSPITAL DE LENTES REPARACIONES,1325,Adam Dorenbaum,Adam Dorenbaum
GRUPO CONCRETERO DE PUEBLA SA DE CV,1327,Adam Dorenbaum,Adam Dorenbaum
RAQYRAQ,1329,Adam Dorenbaum,Adam Dorenbaum
AXEL CAPON,1334,Adam Dorenbaum,Adam Dorenbaum
FLAUTAS MICHOACAN,1337,Adam Dorenbaum,Adam Dorenbaum
ALEJANDRO CAMPOMANES RODRIGUEZ,1361,Adam Dorenbaum,Adam Dorenbaum
SENSEI THE LABEL,1391,Adam Dorenbaum,Adam Dorenbaum
CIH,1397,Adam Dorenbaum,Adam Dorenbaum
LUMPYS,1407,Adam Dorenbaum,Adam Dorenbaum
X SU POLLO,1450,Adam Dorenbaum,Adam Dorenbaum
DVIC GROUP,1467,Adam Dorenbaum,Adam Dorenbaum
EKO3,1494,Adam Dorenbaum,Adam Dorenbaum
COLOMBIANA QUEEN,1511,Adam Dorenbaum,Adam Dorenbaum
CONSULTORIO 320,276,Adam Dorenbaum,Adam Dorenbaum
PLASTIC PERFORMANCE MEXICO,391,Adam Dorenbaum,Adam Dorenbaum
TEMETZONA,482,Adam Dorenbaum,Adam Dorenbaum
VINOS LECHUZA,1323,Alfredo Maccise,Adam Dorenbaum
INMOBILIARIA PALSMA,77,Andre Joloy,Adam Dorenbaum
EIDOS CONSULTING,85,Andre Joloy,Adam Dorenbaum
KANABOS,103,Andre Joloy,Adam Dorenbaum
STRAWBERRY,214,Andre Joloy,Adam Dorenbaum
GRUPO SALJAI,349,Andre Joloy,Adam Dorenbaum
TURKISH,363,Andre Joloy,Adam Dorenbaum
CENTRO DE DESCUENTOS,417,Andre Joloy,Adam Dorenbaum
DOBLEU,634,Andre Joloy,Adam Dorenbaum
BUCARELI 69,859,Andre Joloy,Adam Dorenbaum
Consultorio dental bosques Dr Nasib,910,Andre Joloy,Adam Dorenbaum
PROTESIS Y ESTETICA DENTAL,940,Andre Joloy,Adam Dorenbaum
MKTTOTAL,960,Andre Joloy,Adam Dorenbaum
Dr Nasib Neguib Balut,1035,Andre Joloy,Adam Dorenbaum
KUNAISURF,1152,Andre Joloy,Adam Dorenbaum
PSICOSOMATIC INTEGRATIVE MEDICINE,1198,Andre Joloy,Adam Dorenbaum
Alimentari,1252,Andre Joloy,Adam Dorenbaum
NIEBLA MARZO,1275,Andre Joloy,Adam Dorenbaum
C. ORTODONCIA,1296,Andre Joloy,Adam Dorenbaum
CPO,1336,Andre Joloy,Adam Dorenbaum
FRANCISCO EP,1510,Andre Joloy,Adam Dorenbaum
LIDERAZGO EN ACCION,1105,Eliseo Camacho,Adam Dorenbaum
J BURCIAGA,335,Hector Hupy,Adam Dorenbaum
CAFETERIA UABC SAUZAL,384,Hector Hupy,Adam Dorenbaum
LA HOLANDESA RESTAURANTE,703,Hector Hupy,Adam Dorenbaum
OLAMI,416,Jonathan Dorenbaum,Adam Dorenbaum
CAFETERIA ESCOLAR JW,530,Jonathan Dorenbaum,Adam Dorenbaum
LO´FASSI,898,Jonathan Dorenbaum,Adam Dorenbaum
VENLAT,1033,Jonathan Dorenbaum,Adam Dorenbaum
TOSCANA,1038,Jonathan Dorenbaum,Adam Dorenbaum
VVR,1122,Jonathan Dorenbaum,Adam Dorenbaum
CARLOS GANEM,1227,Jonathan Dorenbaum,Adam Dorenbaum
EDUCACION UNIVERSAL POR COMPETENCIAS S.C.,35,Jorge Emilio Martinez,Adam Dorenbaum
BRMN,88,Jorge Emilio Martinez,Adam Dorenbaum
GRUPO HOTELERO LR,91,Jorge Emilio Martinez,Adam Dorenbaum
PESCADOR,237,Jorge Emilio Martinez,Adam Dorenbaum
CARMELITA MOLINO Y COCINA,241,Jorge Emilio Martinez,Adam Dorenbaum
SPL,272,Jorge Emilio Martinez,Adam Dorenbaum
El NOA NOA,330,Jorge Emilio Martinez,Adam Dorenbaum
ADRIÁN GONZÁLEZ,364,Jorge Emilio Martinez,Adam Dorenbaum
PRINT,369,Jorge Emilio Martinez,Adam Dorenbaum
AILEPHO OPHELIA,388,Jorge Emilio Martinez,Adam Dorenbaum
1 BIRRIERIA ATORONILCO,390,Jorge Emilio Martinez,Adam Dorenbaum
VITROCAR,392,Jorge Emilio Martinez,Adam Dorenbaum
ALMANARA CACHO,404,Jorge Emilio Martinez,Adam Dorenbaum
BRUTTO CAFÉ,432,Jorge Emilio Martinez,Adam Dorenbaum
AMATTE,464,Jorge Emilio Martinez,Adam Dorenbaum
CERVECERIA URBANA,483,Jorge Emilio Martinez,Adam Dorenbaum
La Cienega Restaurante,487,Jorge Emilio Martinez,Adam Dorenbaum
TACOS DON ZEFE,492,Jorge Emilio Martinez,Adam Dorenbaum
HUGO OTONIEL LARA VILLA,494,Jorge Emilio Martinez,Adam Dorenbaum
GRUPO ALFONSOS,510,Jorge Emilio Martinez,Adam Dorenbaum
LA BETE NOIRE,529,Jorge Emilio Martinez,Adam Dorenbaum
NAUTIC FITNESS,559,Jorge Emilio Martinez,Adam Dorenbaum
TEQUILASPORTSBAR,592,Jorge Emilio Martinez,Adam Dorenbaum
PINK CADILLAC,609,Jorge Emilio Martinez,Adam Dorenbaum
RIOLAB,612,Jorge Emilio Martinez,Adam Dorenbaum
GRUPO FERDEL,616,Jorge Emilio Martinez,Adam Dorenbaum
RESTAURANTE MADRES,628,Jorge Emilio Martinez,Adam Dorenbaum
LAURA OJEDA,649,Jorge Emilio Martinez,Adam Dorenbaum
HOTEL AMATTE,656,Jorge Emilio Martinez,Adam Dorenbaum
FYS BOSCH CAR SERVICE CD JUAREZ,663,Jorge Emilio Martinez,Adam Dorenbaum
CHALET,672,Jorge Emilio Martinez,Adam Dorenbaum
CLAIRE LAWGSON,699,Jorge Emilio Martinez,Adam Dorenbaum
ALICE CENTER,717,Jorge Emilio Martinez,Adam Dorenbaum
HACINTTO CANTINA CONTEMPORANEA,761,Jorge Emilio Martinez,Adam Dorenbaum
RAUL DAVID ARCE MORENO,783,Jorge Emilio Martinez,Adam Dorenbaum
Del Valle Cafe,808,Jorge Emilio Martinez,Adam Dorenbaum
KAMIKAZE BUNKER,813,Jorge Emilio Martinez,Adam Dorenbaum
ZERO LASER ESTUDIO,837,Jorge Emilio Martinez,Adam Dorenbaum
UNIDAD ONCOLÓGICA,842,Jorge Emilio Martinez,Adam Dorenbaum
SURF CITY DENTAL,845,Jorge Emilio Martinez,Adam Dorenbaum
RESTAURANTE DH,853,Jorge Emilio Martinez,Adam Dorenbaum
ABARROTES LIZBETH,856,Jorge Emilio Martinez,Adam Dorenbaum
GRUPO IBAMON,857,Jorge Emilio Martinez,Adam Dorenbaum
LA SALINA CANTINA,911,Jorge Emilio Martinez,Adam Dorenbaum
REHABILITACION FISICA TJ S DE RL DE CV,925,Jorge Emilio Martinez,Adam Dorenbaum
LA CONCHERIA,962,Jorge Emilio Martinez,Adam Dorenbaum
CLINICA PANAMERICANA,1009,Jorge Emilio Martinez,Adam Dorenbaum
FERNANDO VILLEGAS HERRERA,1040,Jorge Emilio Martinez,Adam Dorenbaum
KARLA AVELAR,1103,Jorge Emilio Martinez,Adam Dorenbaum
HANDROLL AND SAKE BAR,1106,Jorge Emilio Martinez,Adam Dorenbaum
CORTES,1175,Jorge Emilio Martinez,Adam Dorenbaum
TOYA RAMOS,1244,Jorge Emilio Martinez,Adam Dorenbaum
HUGO GEBELLIN,1245,Jorge Emilio Martinez,Adam Dorenbaum
REGALOS ALEGRA,1251,Jorge Emilio Martinez,Adam Dorenbaum
BONITA BOUTIQUE,1257,Jorge Emilio Martinez,Adam Dorenbaum
PLANTAS NATIVAS DE BC,1273,Jorge Emilio Martinez,Adam Dorenbaum
PRISMALITE,1282,Jorge Emilio Martinez,Adam Dorenbaum
BOTANICA LA DIOSA DEL MAR,1340,Jorge Emilio Martinez,Adam Dorenbaum
AURA BONITA,1341,Jorge Emilio Martinez,Adam Dorenbaum
JUAN MANUEL CHAVEZ GARCIA,1359,Jorge Emilio Martinez,Adam Dorenbaum
EL FÚLBO BY ÁLBITRO VENDIDO,1408,Jorge Emilio Martinez,Adam Dorenbaum
RAUL VERA,1412,Jorge Emilio Martinez,Adam Dorenbaum
PADEL ZONE SM,1413,Jorge Emilio Martinez,Adam Dorenbaum
TROLLENAS,1420,Jorge Emilio Martinez,Adam Dorenbaum
EDGARDO AMAYA,1424,Jorge Emilio Martinez,Adam Dorenbaum
ORLANDO ACOSTA,1426,Jorge Emilio Martinez,Adam Dorenbaum
CERCOP,1428,Jorge Emilio Martinez,Adam Dorenbaum
HENRY EBS,1442,Jorge Emilio Martinez,Adam Dorenbaum
BAJA CONTENEDORES,1444,Jorge Emilio Martinez,Adam Dorenbaum
AUKA NAMI SUSHI,1456,Jorge Emilio Martinez,Adam Dorenbaum
EP,1471,Jorge Emilio Martinez,Adam Dorenbaum
TEMAKY,1474,Jorge Emilio Martinez,Adam Dorenbaum
BAJA HEALTH CONNECT,1515,Jorge Emilio Martinez,Adam Dorenbaum
ANB GRUPO,1516,Jorge Emilio Martinez,Adam Dorenbaum
MEDACARE NATURAL,1519,Jorge Emilio Martinez,Adam Dorenbaum
HECTOR CONTRERAS,1521,Jorge Emilio Martinez,Adam Dorenbaum
HACIENDA EL SALITRE,1524,Jorge Emilio Martinez,Adam Dorenbaum
MEGATACOS,1545,Jorge Emilio Martinez,Adam Dorenbaum
GASTON HERNANDEZ,1104,Rodrigo Aros,Adam Dorenbaum
ROXANA CISNEROS COBOS,1309,Rodrigo Aros,Adam Dorenbaum
NAPOLEON,1396,Rodrigo Aros,Adam Dorenbaum
CLOTILDE SALGADO SALAZAR,1414,Rodrigo Aros,Adam Dorenbaum
IRON MAN 1,1501,Rodrigo Aros,Adam Dorenbaum
FOOD4LESS,6,Tomas Carpena ,Adam Dorenbaum
JETCAR,18,Tomas Carpena ,Adam Dorenbaum
BATZI GROUP,186,Tomas Carpena ,Adam Dorenbaum
GRUPO VACAM,210,Tomas Carpena ,Adam Dorenbaum
GRUPO AZULENGO,212,Tomas Carpena ,Adam Dorenbaum
CHINOYKE,240,Tomas Carpena ,Adam Dorenbaum
MIYAKO,274,Tomas Carpena ,Adam Dorenbaum
TORTAS WASHMOBILE,313,Tomas Carpena ,Adam Dorenbaum
OUTLETS TITAN,326,Tomas Carpena ,Adam Dorenbaum
CUENTA PRINCIPAL DISRUPTIVA,331,Tomas Carpena ,Adam Dorenbaum
HALMA HEALING,337,Tomas Carpena ,Adam Dorenbaum
RODBRUIZ,342,Tomas Carpena ,Adam Dorenbaum
SATIVA 4U 1,402,Tomas Carpena ,Adam Dorenbaum
HOTEL VILLA DEL CONQUISTADOR,440,Tomas Carpena ,Adam Dorenbaum
ECO BOUTIQUE,443,Tomas Carpena ,Adam Dorenbaum
HOTEL LA CEIBA,495,Tomas Carpena ,Adam Dorenbaum
KOOL RESTAURANTE,533,Tomas Carpena ,Adam Dorenbaum
CURA´T,594,Tomas Carpena ,Adam Dorenbaum
HOTEL EL ANCLA,601,Tomas Carpena ,Adam Dorenbaum
MEDIVEN,630,Tomas Carpena ,Adam Dorenbaum
HOTEL U XUL KAH,685,Tomas Carpena ,Adam Dorenbaum
FOREVER TIJ,700,Tomas Carpena ,Adam Dorenbaum
EVENTOS 10$,702,Tomas Carpena ,Adam Dorenbaum
OPERADORA HOTELERA CENTRO,707,Tomas Carpena ,Adam Dorenbaum
PRODUCCIONES Y EVENTOS AB,719,Tomas Carpena ,Adam Dorenbaum
PETROPIPE,743,Tomas Carpena ,Adam Dorenbaum
DSMX,818,Tomas Carpena ,Adam Dorenbaum
HOTELES DE COMITAN,821,Tomas Carpena ,Adam Dorenbaum
PETE WHEELS,852,Tomas Carpena ,Adam Dorenbaum
AUTOBOT TRANSPORTS,883,Tomas Carpena ,Adam Dorenbaum
RAMON ESTURAU,890,Tomas Carpena ,Adam Dorenbaum
LW,897,Tomas Carpena ,Adam Dorenbaum
AGUSTIANDO EN TUXTLA,906,Tomas Carpena ,Adam Dorenbaum
MANOLO P,933,Tomas Carpena ,Adam Dorenbaum
HOTEL CORTAZA,937,Tomas Carpena ,Adam Dorenbaum
LA OTILIA,984,Tomas Carpena ,Adam Dorenbaum
CANALLA CANTINA,999,Tomas Carpena ,Adam Dorenbaum
HOTEL AURORA,1028,Tomas Carpena ,Adam Dorenbaum
PAPELERIA CHRISTOPHER CORTEZ,1047,Tomas Carpena ,Adam Dorenbaum
HOTEL MORELIA,1049,Tomas Carpena ,Adam Dorenbaum
EL TOREO,1057,Tomas Carpena ,Adam Dorenbaum
HOTEL GUARANDUCHA INN,1066,Tomas Carpena ,Adam Dorenbaum
HOTEL TERCERA AVENIDA,1096,Tomas Carpena ,Adam Dorenbaum
EL IGUANITO BAR & GRILL,1145,Tomas Carpena ,Adam Dorenbaum
POSADA LAS FLORES,1172,Tomas Carpena ,Adam Dorenbaum
VIAJA STORE,1177,Tomas Carpena ,Adam Dorenbaum
BRUMA Y LEÑA ALTO GRANO,1191,Tomas Carpena ,Adam Dorenbaum
OPERADORA HOTELERA EL CARMEN,1196,Tomas Carpena ,Adam Dorenbaum
TIGER TKO,1204,Tomas Carpena ,Adam Dorenbaum
OLIVARES MX,1238,Tomas Carpena ,Adam Dorenbaum
INFINITY NAILS & LASHES,1256,Tomas Carpena ,Adam Dorenbaum
LOUVRE ALEMAN,1274,Tomas Carpena ,Adam Dorenbaum
INTELEKTA EC,1299,Tomas Carpena ,Adam Dorenbaum
LOS CUÑADOS CENADURIA,1310,Tomas Carpena ,Adam Dorenbaum
NECTAR PULQUE,1313,Tomas Carpena ,Adam Dorenbaum
WOOD WORKS,1335,Tomas Carpena ,Adam Dorenbaum
MARIANA HURTADO DELI,1399,Tomas Carpena ,Adam Dorenbaum
ELEPHANT HOLDINGS,1433,Tomas Carpena ,Adam Dorenbaum
PANART,1436,Tomas Carpena ,Adam Dorenbaum
CALIFORNIA BURGUERS,1445,Tomas Carpena ,Adam Dorenbaum
QUANTUM WEALTH ACADEMY,1447,Tomas Carpena ,Adam Dorenbaum
GRUPO REGIA,1448,Tomas Carpena ,Adam Dorenbaum
FIX UP ,1453,Tomas Carpena ,Adam Dorenbaum
GMEX AUTOS SA DE CV,1458,Tomas Carpena ,Adam Dorenbaum
MY SANTA NAIL LASHES,1468,Tomas Carpena ,Adam Dorenbaum
ROCR TOURS TRANSPORTE EJECUTIVO LOCAL Y FORANEO,1472,Tomas Carpena ,Adam Dorenbaum
"""EL REGIO"" PAN DE ELOTE",1502,Tomas Carpena ,Adam Dorenbaum
GUAYCHIVA,1508,Tomas Carpena ,Adam Dorenbaum
CONSULTECH,1520,Tomas Carpena ,Adam Dorenbaum
ANDROMEDA,1529,Tomas Carpena ,Adam Dorenbaum
FOCUSVR,1532,Tomas Carpena ,Adam Dorenbaum
COMERCIALIZADORA TAMY,1537,Tomas Carpena ,Adam Dorenbaum
ELFO,1541,Tomas Carpena ,Adam Dorenbaum
LA SULTANA,1546,Tomas Carpena ,Adam Dorenbaum
RANDAL INC,1553,Tomas Carpena ,Adam Dorenbaum
HOTEL SAN SEBASTIAN,1558,Tomas Carpena ,Adam Dorenbaum
JAPPY OPERADORA,1565,Tomas Carpena ,Adam Dorenbaum
LAURAM LASHES,1566,Tomas Carpena ,Adam Dorenbaum
MCBEAUTY,1569,Tomas Carpena ,Adam Dorenbaum
DTP,1576,Tomas Carpena ,Adam Dorenbaum
VERO HOLDINGS,1582,Tomas Carpena ,Adam Dorenbaum
MAGIC CLEANING,1583,Tomas Carpena ,Adam Dorenbaum
Sushi Ken,12,Adrian Melendez,Adrian Melendez
Bella Pier,13,Adrian Melendez,Adrian Melendez
Chinampa,25,Adrian Melendez,Adrian Melendez
Bar Palmas,27,Adrian Melendez,Adrian Melendez
Joyeria DC,32,Adrian Melendez,Adrian Melendez
Taco City Café,76,Adrian Melendez,Adrian Melendez
Grupo Impulza,82,Adrian Melendez,Adrian Melendez
IMPULZA LEON,282,Adrian Melendez,Adrian Melendez
H REGENTE,451,Adrian Melendez,Adrian Melendez
Antromex 1,499,Adrian Melendez,Adrian Melendez
JORGE OCTAVIO VAZQUEZ RENDON,673,Adrian Melendez,Adrian Melendez
LA PIOJERIA,770,Adrian Melendez,Adrian Melendez
Grupo L,998,Adrian Melendez,Adrian Melendez
YALKU,234,Juan Carlos García,Adrian Melendez
Cuando calienta el sol,220,Juan Carlos Hernandez,Adrian Melendez
HOTEL & VILLAS PLAZA DEL REY,34,Alejandro Aguilera,Alejandro Aguilera
GAS 500,38,Alejandro Aguilera,Alejandro Aguilera
VITAL HEALTH GLOBAL EVENTOS,65,Alejandro Aguilera,Alejandro Aguilera
F3,73,Alejandro Aguilera,Alejandro Aguilera
ANUNCIOS NEON DEL GUADIANA,115,Luis Frausto,Alejandro Aguilera
PUERTA PARAISO,178,Alejandro Aguilera,Alejandro Aguilera
EL ASADOR DE LA TOSCANA,197,Luis Frausto,Alejandro Aguilera
DESTIL PIU,207,Alejandro Aguilera,Alejandro Aguilera
CASA YUTE,223,Alejandro Aguilera,Alejandro Aguilera
ARTURO ROSAS PALAFOX,288,Luis Frausto,Alejandro Aguilera
MARKOVICH BROTHERS & CO,292,Alejandro Aguilera,Alejandro Aguilera
DIEGO DOMINGUEZ,307,Alejandro Aguilera,Alejandro Aguilera
CERVECERIA CHAPULTEPEC TIJUANA,323,Alejandro Aguilera,Alejandro Aguilera
TATA MEZCALERIA,471,Alejandro Aguilera,Alejandro Aguilera
ARCHY WELFARE MEXICO,480,Alejandro Aguilera,Alejandro Aguilera
MOLKAS BURGUER,557,Luis Frausto,Alejandro Aguilera
SHON MOTT MÉXICO,619,Alejandro Aguilera,Alejandro Aguilera
OPERADORA HOLE OUT,622,Alejandro Aguilera,Alejandro Aguilera
JALIL DAUD,643,Alejandro Aguilera,Alejandro Aguilera
GRUPO ELEVA FISOTERAPIA,710,Alejandro Aguilera,Alejandro Aguilera
KOMAKAI,734,Alejandro Aguilera,Alejandro Aguilera
JUAN CARLOS GARCIA ALVA,799,Alejandro Aguilera,Alejandro Aguilera
COMERCIAL BOLÉTICA,840,Luis Frausto,Alejandro Aguilera
CLUB SOCIAL PAR DE ASES,874,Luis Frausto,Alejandro Aguilera
HAISHA COSMETICA DENTAL,896,Alejandro Aguilera,Alejandro Aguilera
ROMPEOLAS MARISCOS GUAPOS,920,Luis Frausto,Alejandro Aguilera
MI LOLA CAMELINAS,948,Alejandro Aguilera,Alejandro Aguilera
DRA ISABEL MORALES,973,Alejandro Aguilera,Alejandro Aguilera
GRUPO BRASIL,981,Luis Frausto,Alejandro Aguilera
POLARIZADOS PANCHOS,987,Luis Frausto,Alejandro Aguilera
IGUANA CAGUAMA,1005,Alejandro Aguilera,Alejandro Aguilera
NURIKO SUSHI EXPRESS,1032,Alejandro Aguilera,Alejandro Aguilera
GO SIM CARD  1,1069,Alejandro Aguilera,Alejandro Aguilera
SANTINO´S PROVEEDORA Y COMERCIALIZADORA DE DGO,1094,Luis Frausto,Alejandro Aguilera
UMINDERS,1150,Alejandro Aguilera,Alejandro Aguilera
MASARU SUSHI JURIQUILLA,1165,Alejandro Aguilera,Alejandro Aguilera
GOGAS,1166,Alejandro Aguilera,Alejandro Aguilera
POLOLO POLLOS,1174,Alejandro Aguilera,Alejandro Aguilera
LOS DOGOS,1194,Luis Frausto,Alejandro Aguilera
ORTOPEDIA Y TRAUMATOLOGIA ABC,1203,Alejandro Aguilera,Alejandro Aguilera
ROBERTO DOMINGUEZ SUBERBIE,1208,Alejandro Aguilera,Alejandro Aguilera
GREP MOTORS,1211,Alejandro Aguilera,Alejandro Aguilera
THE PUB COZUMEL,1218,Alejandro Aguilera,Alejandro Aguilera
GO SIM CARD  2,1220,Alejandro Aguilera,Alejandro Aguilera
BARRLEON,1223,Luis Frausto,Alejandro Aguilera
TORTAS LOLO,1228,Alejandro Aguilera,Alejandro Aguilera
PINTURAS CLASSE B,1242,Luis Frausto,Alejandro Aguilera
GREEN PLANET CAFÉ,1243,Alejandro Aguilera,Alejandro Aguilera
MEROMA,1297,Alejandro Aguilera,Alejandro Aguilera
TERRAZA OLKA,1314,Alejandro Aguilera,Alejandro Aguilera
KILLER SUSHI,1326,Luis Frausto,Alejandro Aguilera
SIX CHUPIS,1366,Luis Frausto,Alejandro Aguilera
MULTISERVICIOS,1383,Luis Frausto,Alejandro Aguilera
ALEJANDRO MANCILLA,1434,Alejandro Aguilera,Alejandro Aguilera
SERVICIOS INTEGRALES COLINAS,1455,Luis Frausto,Alejandro Aguilera
INFINITY CLINICA & SPA,1459,Luis Frausto,Alejandro Aguilera
POLLEN FLORERIA,1477,Luis Frausto,Alejandro Aguilera
CANTINA ROMA,1482,Alejandro Aguilera,Alejandro Aguilera
11:11 SHOWROOM,1512,Alejandro Aguilera,Alejandro Aguilera
DRA. CLAUDIA MADRID,1543,Alejandro Aguilera,Alejandro Aguilera
LORETTO´S SHOWROOMS,1547,Luis Frausto,Alejandro Aguilera
PATY ROJAS JOYERIA DE AUTOR,1548,Luis Frausto,Alejandro Aguilera
DÉCIMO ESCALÓN,1557,Luis Frausto,Alejandro Aguilera
KONA CAFETERIA Y RASPADERIA,1573,Luis Frausto,Alejandro Aguilera
PARQUE ESTACIÓN SJDLT,1574,Alejandro Aguilera,Alejandro Aguilera
SILVER GR,1575,Luis Frausto,Alejandro Aguilera
PADELA,1585,Alejandro Aguilera,Alejandro Aguilera
CUCU HOTELS,286,Alejandro Aguilera,Alejandro Aguilera
ESTEBAN MARTINEZ,582,Andrea Aguilera,Alejandro Aguilera
HEN HOUSE,903,Andrea Aguilera,Alejandro Aguilera
FIOORE,1117,Andrea Aguilera,Alejandro Aguilera
D MAIZ ANTOJERIA MEXICANA,1209,Andrea Aguilera,Alejandro Aguilera
PRO,1300,Andrea Aguilera,Alejandro Aguilera
POKAN JARDINES,1312,Andrea Aguilera,Alejandro Aguilera
MANUEL GUIZAR,1375,Andrea Aguilera,Alejandro Aguilera
MARISCOS LA CORITA,1416,Andrea Aguilera,Alejandro Aguilera
IMPRENTA GAR,1480,Andrea Aguilera,Alejandro Aguilera
COMERCIALIZADORA FEMS,1514,Andrea Aguilera,Alejandro Aguilera
RESTAURANTE TACOMARE,1518,Andrea Aguilera,Alejandro Aguilera
P CONSULTING GROUP,3,Alejandro Melendez,Alejandro Melendez
ODISEA MX,14,Alejandro Melendez,Alejandro Melendez
Casa Oaxaca,28,Alejandro Melendez,Alejandro Melendez
GRUPO MAR BELLA,36,Alejandro Melendez,Alejandro Melendez
INMOBILIARIA ET,57,Alejandro Melendez,Alejandro Melendez
LF PT,79,Alejandro Melendez,Alejandro Melendez
FIRENZE,101,Alejandro Melendez,Alejandro Melendez
JR,137,Alejandro Melendez,Alejandro Melendez
DEPAS,191,Alejandro Melendez,Alejandro Melendez
RESTAURANTE SEAFOOD CANCUN,192,Alejandro Melendez,Alejandro Melendez
PRM,206,Alejandro Melendez,Alejandro Melendez
XILOTE,208,Alejandro Melendez,Alejandro Melendez
GUZINA,209,Alejandro Melendez,Alejandro Melendez
BRUTAL VINATA DE BARRIO,260,Alejandro Melendez,Alejandro Melendez
LA MANTE CANCUN,320,Alejandro Melendez,Alejandro Melendez
GRUPO ASCAN,370,Alejandro Melendez,Alejandro Melendez
NEOBERRY,479,Alejandro Melendez,Alejandro Melendez
XANEQUE GDL,585,Alejandro Melendez,Alejandro Melendez
LESANC,711,Alejandro Melendez,Alejandro Melendez
BOUTIQUE,823,Alejandro Melendez,Alejandro Melendez
MAURICIO ZEBADUA,895,Alejandro Melendez,Alejandro Melendez
ABRAHAM HUSNI,923,Alejandro Melendez,Alejandro Melendez
MOROCHA,1180,Alejandro Melendez,Alejandro Melendez
VALENTINA OLIVETTO,1239,Alejandro Melendez,Alejandro Melendez
Oaxaca Café,205,Luis Salva Tierra,Alejandro Melendez
SANTO ALIVIO,1333,Mauricio Zebadúa,Alejandro Melendez
CARLOS SANTOS GARZA,457,Nando Garrido,Alejandro Melendez
YACHTVIBES,513,Nando Garrido,Alejandro Melendez
PARRILLA POLANCO,926,Nando Garrido,Alejandro Melendez
SAN TROPICO,1021,Nando Garrido,Alejandro Melendez
PAMPAS,15,Ana María Meza,Arturo Liogón
GIN 686,21,Ana María Meza,Arturo Liogón
LA GRAN CASONA HERMOSILLO,26,Ana María Meza,Arturo Liogón
TABU MIGUEL ALEMAN,53,Ana María Meza,Arturo Liogón
MR PAMPAS RIO,62,Ana María Meza,Arturo Liogón
STEAKS DEL HERRADERO,169,Ana María Meza,Arturo Liogón
FAUNA LONDRES,248,Ana María Meza,Arturo Liogón
COLIBRI CAFÉ,265,Ana María Meza,Arturo Liogón
SPORTBAR,279,Ana María Meza,Arturo Liogón
DESTILERIA 25 HERMOSILLO,281,Ana María Meza,Arturo Liogón
OPERADORA DE RESTAURANTES,284,Ana María Meza,Arturo Liogón
MONE,297,Ana María Meza,Arturo Liogón
LAS KAWAS,311,Ana María Meza,Arturo Liogón
ROMA SOCIAL BAR,341,Ana María Meza,Arturo Liogón
LA CANTI SAN LUIS,427,Ana María Meza,Arturo Liogón
MESON LA VIÑA,459,Ana María Meza,Arturo Liogón
CONCEPTO ERRE,491,Ana María Meza,Arturo Liogón
TRANSMISIONES T,509,Ana María Meza,Arturo Liogón
TIPTOP PARTY,540,Ana María Meza,Arturo Liogón
HARVEY´S BARBER HOUSE,554,Ana María Meza,Arturo Liogón
PLAYTOWN VS,625,Ana María Meza,Arturo Liogón
LA GRAN MURALLA,681,Ana María Meza,Arturo Liogón
LA CASA DE RENATO DAYCARE & SPA,689,Ana María Meza,Arturo Liogón
STELLIUM JOYERIA,701,Ana María Meza,Arturo Liogón
SONORA FITNESS,713,Ana María Meza,Arturo Liogón
BODY PROJECT SURGERY,747,Ana María Meza,Arturo Liogón
CASONA OBREGON 55,814,Ana María Meza,Arturo Liogón
HIDARLING,849,Ana María Meza,Arturo Liogón
DR. ROSBEL MOISES RODRIGUEZ GARCÍA,858,Ana María Meza,Arturo Liogón
Eli Jasso Salon,870,Ana María Meza,Arturo Liogón
TIENDA 1,902,Ana María Meza,Arturo Liogón
FORTEDECK TABASCO,966,Ana María Meza,Arturo Liogón
FORTEDECK TORREON,970,Ana María Meza,Arturo Liogón
LABORATORIOS BPS,1159,Ana María Meza,Arturo Liogón
FORTE DECK,1173,Ana María Meza,Arturo Liogón
Z JEWELRY,1189,Ana María Meza,Arturo Liogón
DAVID,1229,Ana María Meza,Arturo Liogón
JGM,1231,Ana María Meza,Arturo Liogón
101 IDEAS MX,1232,Ana María Meza,Arturo Liogón
PEÑON MEXICO,1261,Ana María Meza,Arturo Liogón
COUNTRY SALAD,1318,Ana María Meza,Arturo Liogón
ME WE,1384,Ana María Meza,Arturo Liogón
RAICOM LICENCIAS FEDERALES,1563,Ana María Meza,Arturo Liogón
COMERCIALIZADORA OTAY,30,Arturo Liogón,Arturo Liogón
R RESTAURANTES,44,Arturo Liogón,Arturo Liogón
WAYNA,71,Arturo Liogón,Arturo Liogón
PRONOIA,86,Arturo Liogón,Arturo Liogón
SALA DE DESPECHO TJ,98,Arturo Liogón,Arturo Liogón
OPERADORA KENELOA,107,Arturo Liogón,Arturo Liogón
EL PRESIDIO,118,Arturo Liogón,Arturo Liogón
DR ARAMBURO,120,Arturo Liogón,Arturo Liogón
LABORATORIOS QUIMICOS MZT,125,Arturo Liogón,Arturo Liogón
COSTA,130,Arturo Liogón,Arturo Liogón
COMERCIALIZADORA LIBERTAD,148,Arturo Liogón,Arturo Liogón
BAJASIN TAQUERIA GDL,153,Arturo Liogón,Arturo Liogón
TACOS EL DORADO,158,Arturo Liogón,Arturo Liogón
Mariscos and sushi,160,Arturo Liogón,Arturo Liogón
SALA DE DESPECHO TJ VALLE DE GUADALUPE,161,Arturo Liogón,Arturo Liogón
MENO MALE,164,Arturo Liogón,Arturo Liogón
BON&ALI,165,Arturo Liogón,Arturo Liogón
PEER 2 COMPANY,175,Arturo Liogón,Arturo Liogón
CCC ADMON,176,Arturo Liogón,Arturo Liogón
CERVECERIA INSURGENTES,188,Arturo Liogón,Arturo Liogón
ZEN MAZATLAN,189,Arturo Liogón,Arturo Liogón
SUSHIS Y TERIYAKIS,196,Arturo Liogón,Arturo Liogón
NIEVES CENTENARIO,200,Arturo Liogón,Arturo Liogón
PROMOCIONES Y OPER TURISTICAS BACO,211,Arturo Liogón,Arturo Liogón
HIJOS DEL AVERNO,216,Arturo Liogón,Arturo Liogón
COMERCIALIZADORA HUERTAS,217,Arturo Liogón,Arturo Liogón
TRANSPORTE MEXICO,219,Arturo Liogón,Arturo Liogón
LA SAGRADA PIZZERIA,224,Arturo Liogón,Arturo Liogón
PT ESCOB,231,Arturo Liogón,Arturo Liogón
CASA OPHELIA,232,Arturo Liogón,Arturo Liogón
ZASSHI MZT,242,Arturo Liogón,Arturo Liogón
LOS PRIETOS TAQUERIA,255,Arturo Liogón,Arturo Liogón
SB,256,Arturo Liogón,Arturo Liogón
SALA DE DESPECHO MEXICALI,257,Arturo Liogón,Arturo Liogón
WATERS EDGE BISTRO,258,Arturo Liogón,Arturo Liogón
DON BURGUES,261,Arturo Liogón,Arturo Liogón
LEÑITA,266,Arturo Liogón,Arturo Liogón
RESTAURANTE CENTRO CACTUS,275,Arturo Liogón,Arturo Liogón
CENTRO MEDICO CESAT,277,Arturo Liogón,Arturo Liogón
CONTEMPLACION RESORT & SPA,309,Arturo Liogón,Arturo Liogón
TAQUERIA EL FILI,327,Arturo Liogón,Arturo Liogón
TOTAL REVOLUTIONS,333,Arturo Liogón,Arturo Liogón
TAQUERIA EL MORO,336,Arturo Liogón,Arturo Liogón
TIENDAS GPNA,338,Arturo Liogón,Arturo Liogón
Y SUSHI,343,Arturo Liogón,Arturo Liogón
80/20 BURGER JOINT,351,Arturo Liogón,Arturo Liogón
TECHO MALECON,355,Arturo Liogón,Arturo Liogón
SPORT BOX,362,Arturo Liogón,Arturo Liogón
TACOS Y PARRILLA,371,Arturo Liogón,Arturo Liogón
DUDU HOMES,374,Arturo Liogón,Arturo Liogón
TRASTEVERE,377,Arturo Liogón,Arturo Liogón
MANÉ,383,Arturo Liogón,Arturo Liogón
SUSHI Y COMIDA JAPONESA LM,399,Arturo Liogón,Arturo Liogón
GRUPO CARDENAS SANDOVAL,400,Arturo Liogón,Arturo Liogón
TAQUERIA EL FILI DE GUAMUCHIL,408,Arturo Liogón,Arturo Liogón
MARISCOS LOS PORTEÑOS,414,Arturo Liogón,Arturo Liogón
COMERCIALIZADORA ALTABRISA,415,Arturo Liogón,Arturo Liogón
OPERADORA BAJA SHRIMP AND BEER,420,Arturo Liogón,Arturo Liogón
PANORAMA,431,Arturo Liogón,Arturo Liogón
AEN,433,Arturo Liogón,Arturo Liogón
JOVIALT CONSULTORIO,452,Arturo Liogón,Arturo Liogón
RF&D,455,Arturo Liogón,Arturo Liogón
ENRIQUE HUERTA,467,Arturo Liogón,Arturo Liogón
IL GIGLIO,472,Arturo Liogón,Arturo Liogón
SERVICIOS CULINARIOS BIENESTAR,485,Arturo Liogón,Arturo Liogón
CAFETERIA PLAYA PALMAS,500,Arturo Liogón,Arturo Liogón
GRUPO CABE,507,Arturo Liogón,Arturo Liogón
CIRUGIA PLASTICA MZT,520,Arturo Liogón,Arturo Liogón
MACARENA,535,Arturo Liogón,Arturo Liogón
RESTAURANTE EL ANCLA,539,Arturo Liogón,Arturo Liogón
MENUDERIA GUADALAJARA SANTA FE,541,Arturo Liogón,Arturo Liogón
LA BARRA CONCHITA RAW BAR,543,Arturo Liogón,Arturo Liogón
BIRRIA DOÑA MARU,556,Arturo Liogón,Arturo Liogón
POKE BOWL,563,Arturo Liogón,Arturo Liogón
TOBA MZT,565,Arturo Liogón,Arturo Liogón
TALLER OBSON,587,Arturo Liogón,Arturo Liogón
DR JOSE DEL CARMEN,598,Arturo Liogón,Arturo Liogón
TUTSI POP RESTO,599,Arturo Liogón,Arturo Liogón
MENUDERIA GUADALAJARA PACIFICO,600,Arturo Liogón,Arturo Liogón
BEISBOL MZT,603,Arturo Liogón,Arturo Liogón
PATIO DOMINGUEZ,607,Arturo Liogón,Arturo Liogón
LA SAGRADA PIZZERIA II,611,Arturo Liogón,Arturo Liogón
SUSHI Y COMIDA JAPONESA CLN,613,Arturo Liogón,Arturo Liogón
OKEY TERIYAKI AND SUSHI,614,Arturo Liogón,Arturo Liogón
CREMINA BISTRO CAFE,640,Arturo Liogón,Arturo Liogón
TACOS SP VALLE,648,Arturo Liogón,Arturo Liogón
TODOS PARA UNO,658,Arturo Liogón,Arturo Liogón
AURORA PASTELERIA,665,Arturo Liogón,Arturo Liogón
CONSULTORIO MEDICO MZT,668,Arturo Liogón,Arturo Liogón
BRVO,670,Arturo Liogón,Arturo Liogón
TORTILLERIA Y ABARROTES EL FILI,674,Arturo Liogón,Arturo Liogón
RESTAURANTE CASA GLORIA,690,Arturo Liogón,Arturo Liogón
AUTOLAVADO EXPRESS,694,Arturo Liogón,Arturo Liogón
MEZCALITAS PUB,708,Arturo Liogón,Arturo Liogón
BEVERLY BURGERS SANTA FE,716,Arturo Liogón,Arturo Liogón
CHONGS EXPRESS,728,Arturo Liogón,Arturo Liogón
CLINICA DENTAL BLENT,736,Arturo Liogón,Arturo Liogón
J&R RIBS COSTILLERIA,739,Arturo Liogón,Arturo Liogón
THE FUNKY OLIVE RESTAURANT,742,Arturo Liogón,Arturo Liogón
ECR VALLE,750,Arturo Liogón,Arturo Liogón
SEA SHELL CITY,757,Arturo Liogón,Arturo Liogón
FLOR DE LOTO,758,Arturo Liogón,Arturo Liogón
DEPORTIVO CENTRO,769,Arturo Liogón,Arturo Liogón
ETHEREAL BEAUTY CLINIC,774,Arturo Liogón,Arturo Liogón
ALL4PADEL,777,Arturo Liogón,Arturo Liogón
CASA GARMENDIA CAFÉ Y CHURRERIA,784,Arturo Liogón,Arturo Liogón
ANALCO,787,Arturo Liogón,Arturo Liogón
PONZO STORE,788,Arturo Liogón,Arturo Liogón
THE POINT,798,Arturo Liogón,Arturo Liogón
ECR ENSENADA,806,Arturo Liogón,Arturo Liogón
WELL SO WELL,810,Arturo Liogón,Arturo Liogón
BAR MANRIQUEZ 2,820,Arturo Liogón,Arturo Liogón
MARISCOS LAS BRISAS,829,Arturo Liogón,Arturo Liogón
COSTA BANK FG,831,Arturo Liogón,Arturo Liogón
MARISCOS LOS CEVICHES MAZATLAN,833,Arturo Liogón,Arturo Liogón
CRUGER KANTER CONSULTORIA,838,Arturo Liogón,Arturo Liogón
ANZUELO,839,Arturo Liogón,Arturo Liogón
ECR HIPODROMO,861,Arturo Liogón,Arturo Liogón
PARALELO 18,871,Arturo Liogón,Arturo Liogón
WUXPHARMA,881,Arturo Liogón,Arturo Liogón
OPERADORA MC,885,Arturo Liogón,Arturo Liogón
EL CAMICHIN,887,Arturo Liogón,Arturo Liogón
ECR CACHO,888,Arturo Liogón,Arturo Liogón
ALGORITHMICS LM,892,Arturo Liogón,Arturo Liogón
VIVA OLIVIA,909,Arturo Liogón,Arturo Liogón
ENRIQUE MAGAÑA,915,Arturo Liogón,Arturo Liogón
BROWNIEMANIA MAZATLAN,916,Arturo Liogón,Arturo Liogón
TALLER CREATIVO,936,Arturo Liogón,Arturo Liogón
TACOS PARADOS,944,Arturo Liogón,Arturo Liogón
CONSTRUCCIONES LH13,952,Arturo Liogón,Arturo Liogón
LA PALAPITA,953,Arturo Liogón,Arturo Liogón
RANDY PATTY SMASH BURGERS,955,Arturo Liogón,Arturo Liogón
KUMQUAT CATERING,963,Arturo Liogón,Arturo Liogón
GRAN POLLO,965,Arturo Liogón,Arturo Liogón
EUROVENTANAS,969,Arturo Liogón,Arturo Liogón
LOC MACHADO,971,Arturo Liogón,Arturo Liogón
TACOS A VAPOR,986,Arturo Liogón,Arturo Liogón
CHONGS CORTEZ,992,Arturo Liogón,Arturo Liogón
CAFETERIA AMERICANO,994,Arturo Liogón,Arturo Liogón
CHARLYS BAR & GRILL,1000,Arturo Liogón,Arturo Liogón
PROYECCIONES EDUCATIVAS AC,1003,Arturo Liogón,Arturo Liogón
EL ENCIERRO RUIN BAR,1006,Arturo Liogón,Arturo Liogón
ECR SALINAS,1011,Arturo Liogón,Arturo Liogón
POKE LAGUNA,1023,Arturo Liogón,Arturo Liogón
LUIS MEZA,1025,Arturo Liogón,Arturo Liogón
9.0 STORE,1042,Arturo Liogón,Arturo Liogón
CONSULTORIO MEDICO ALEJANDRO ZARATE HERNANDEZ,1044,Arturo Liogón,Arturo Liogón
MTY RENTALS,1046,Arturo Liogón,Arturo Liogón
DRA SCARLETT GOMEZ ORTIZ,1050,Arturo Liogón,Arturo Liogón
TAQUERIA EL MORO 2,1052,Arturo Liogón,Arturo Liogón
QUESABIRRIAS COMPADRE,1067,Arturo Liogón,Arturo Liogón
TALACHA CAFETERIA,1074,Arturo Liogón,Arturo Liogón
CAFÉ INSURGENTES,1090,Arturo Liogón,Arturo Liogón
SUPER FOODIES ENTERPRISES,1101,Arturo Liogón,Arturo Liogón
LA BODEGUITA DEL BURGUES,1121,Arturo Liogón,Arturo Liogón
MARIETTA COCINA Y JARDIN,1135,Arturo Liogón,Arturo Liogón
SISTEMAS DE SEGURIDAD DE MAZATLAN,1142,Arturo Liogón,Arturo Liogón
Servicios Juridicos Especializados,1163,Arturo Liogón,Arturo Liogón
PROMOS Y MAS,1164,Arturo Liogón,Arturo Liogón
ALIMENTOS ORGANICOS,1183,Arturo Liogón,Arturo Liogón
MI COCINITA,1186,Arturo Liogón,Arturo Liogón
PANELMEX,1190,Arturo Liogón,Arturo Liogón
POLLITO BRONCEADO,1206,Arturo Liogón,Arturo Liogón
MARISCOS PB,1207,Arturo Liogón,Arturo Liogón
MZT ARQUITECTOS,1233,Arturo Liogón,Arturo Liogón
IRASSHAI RAMEN,1234,Arturo Liogón,Arturo Liogón
EL PAN NUESTRO OTAY,1235,Arturo Liogón,Arturo Liogón
CAAS,1241,Arturo Liogón,Arturo Liogón
VINOS UNICOS,1260,Arturo Liogón,Arturo Liogón
RUTILIO TAQUERIA,1264,Arturo Liogón,Arturo Liogón
TALLER MARBELLA,1267,Arturo Liogón,Arturo Liogón
MAURICIO MOLINA,1270,Arturo Liogón,Arturo Liogón
JULES & LAURENT HOTEL,1271,Arturo Liogón,Arturo Liogón
SONIA SPA MERIDA,1287,Arturo Liogón,Arturo Liogón
MARÉE CREPE,1301,Arturo Liogón,Arturo Liogón
DESTILERIA MZT,1338,Arturo Liogón,Arturo Liogón
CENTRAL GINECO OBSTETRICA,1345,Arturo Liogón,Arturo Liogón
LOCOWINE,1353,Arturo Liogón,Arturo Liogón
LA LIBERTAD MARISCOS,1357,Arturo Liogón,Arturo Liogón
PANELMEX 2,1365,Arturo Liogón,Arturo Liogón
ALIMENTOS TORO ROSA,1369,Arturo Liogón,Arturo Liogón
MED MUSCLE MAZATLAN,1376,Arturo Liogón,Arturo Liogón
DOGOS Y BURGER EL P1,1388,Arturo Liogón,Arturo Liogón
CENADURIA PLM,1390,Arturo Liogón,Arturo Liogón
SERVICIOS ADN QUERETARO,1393,Arturo Liogón,Arturo Liogón
DESPACHO CYF SPEI,1405,Arturo Liogón,Arturo Liogón
BAJO ESTRELLAS HOTEL,1417,Arturo Liogón,Arturo Liogón
VEBA IMAGEN GENDERLESS,1432,Arturo Liogón,Arturo Liogón
DESPACHO VTL,1435,Arturo Liogón,Arturo Liogón
BEVERLY BURGERS,1446,Arturo Liogón,Arturo Liogón
TACOS CHAVA,1457,Arturo Liogón,Arturo Liogón
CR MERIDA,1463,Arturo Liogón,Arturo Liogón
CR MERIDA ITZAES,1464,Arturo Liogón,Arturo Liogón
HANS CRUGER,1489,Arturo Liogón,Arturo Liogón
BEER GARDEN TJ,1490,Arturo Liogón,Arturo Liogón
CORTINAS MAZATLAN,1493,Arturo Liogón,Arturo Liogón
LOS HIJOS DEL MAR TOSTADERIA MAZATLECA,1498,Arturo Liogón,Arturo Liogón
SERVICIOS ADN,1504,Arturo Liogón,Arturo Liogón
LOS DENTISTAS DEL NORESTE SC,1534,Arturo Liogón,Arturo Liogón
CAMIONES DE MAZATLAN,1536,Arturo Liogón,Arturo Liogón
ZONA TRENDY,1539,Arturo Liogón,Arturo Liogón
ATOMY PRODUCTS,1540,Arturo Liogón,Arturo Liogón
COSTA BAJA,1549,Arturo Liogón,Arturo Liogón
SERVICIOS MEDICOS Y DENTALES MONTERREY SC,1554,Arturo Liogón,Arturo Liogón
GILBERTO LUNA REFERENCIADOR,1556,Arturo Liogón,Arturo Liogón
JOSE GARCIA REF,1559,Arturo Liogón,Arturo Liogón
DALA´S RACK,1561,Arturo Liogón,Arturo Liogón
NEUMOLOGIA,1562,Arturo Liogón,Arturo Liogón
CASAMARTE,1571,Arturo Liogón,Arturo Liogón
CERVECERIA LA MEXICO,1572,Arturo Liogón,Arturo Liogón
DEPORTES ENSENADA,1578,Arturo Liogón,Arturo Liogón
BAJASIN TAQUERIA,23,Arturo Liogón,Arturo Liogón
EXPENDIO CAFE,78,Arturo Liogón,Arturo Liogón
ALBATROS,97,Arturo Liogón,Arturo Liogón
TINTORERIA NOVO,141,Arturo Liogón,Arturo Liogón
TACO MACHO,268,Arturo Liogón,Arturo Liogón
BLUE NOTE,398,Arturo Liogón,Arturo Liogón
EL PAN NUESTRO,532,Arturo Liogón,Arturo Liogón
TACO DE MAR,583,Arturo Liogón,Arturo Liogón
PADDEL HAUS CELAYA,832,Arturo Liogón,Arturo Liogón
JANURY´S BOUTIQUE,978,Arturo Liogón,Arturo Liogón
VETERINARIA SAN LAZARO,1010,Arturo Liogón,Arturo Liogón
TEXAS MARKET,1061,Arturo Liogón,Arturo Liogón
REST MAREA ALTA,1154,Arturo Liogón,Arturo Liogón
COSMETICOS LP,1219,Arturo Liogón,Arturo Liogón
PARQUE CALETA TANKAH,33,Mónica Segovia,Arturo Liogón
Nectarwork,40,Mónica Segovia,Arturo Liogón
BEATRIZ GARCIA,75,Mónica Segovia,Arturo Liogón
LA MAZATLECA,127,Mónica Segovia,Arturo Liogón
ALIVIA,133,Mónica Segovia,Arturo Liogón
AMERICAN GYM,150,Mónica Segovia,Arturo Liogón
NG CAPILAR,263,Mónica Segovia,Arturo Liogón
LA BODEGA,308,Mónica Segovia,Arturo Liogón
EL TALLER,465,Mónica Segovia,Arturo Liogón
NG,470,Mónica Segovia,Arturo Liogón
LA MARISQUERIA MAHI MAHI,498,Mónica Segovia,Arturo Liogón
TFT,517,Mónica Segovia,Arturo Liogón
LOS TORNILLOS,641,Mónica Segovia,Arturo Liogón
AGM 4X4,646,Mónica Segovia,Arturo Liogón
Gaun dresses,664,Mónica Segovia,Arturo Liogón
CORPORATE HOUSING,704,Mónica Segovia,Arturo Liogón
CAFELETA TANKAH,1026,Mónica Segovia,Arturo Liogón
DR. MIGUEL SERRANO,1091,Mónica Segovia,Arturo Liogón
American padel tennis,1124,Mónica Segovia,Arturo Liogón
Salon blossom,1201,Mónica Segovia,Arturo Liogón
SERVICIOS TURISTICOS,1288,Mónica Segovia,Arturo Liogón
TIKITOTS,1385,Mónica Segovia,Arturo Liogón
LYFT BY KARLA,1551,Mónica Segovia,Arturo Liogón
LUXURY BAGS,1568,Mónica Segovia,Arturo Liogón
HOTELERIA Y ALIMENTOS,328,Paul Careaga,Arturo Liogón
TACOS LF,393,Paul Careaga,Arturo Liogón
FASHION TREATS,435,Paul Careaga,Arturo Liogón
MZR SALUDABLE,441,Paul Careaga,Arturo Liogón
TELECOMUNICACION LM,447,Paul Careaga,Arturo Liogón
PIZZAS PASEO,605,Paul Careaga,Arturo Liogón
SALON P,629,Paul Careaga,Arturo Liogón
PDS,647,Paul Careaga,Arturo Liogón
DRINK SOCIAL GARDEN,686,Paul Careaga,Arturo Liogón
DESAYUNOS PB,755,Paul Careaga,Arturo Liogón
TRANSIT,767,Paul Careaga,Arturo Liogón
SERVICIOS VETERINARIOS PP,789,Paul Careaga,Arturo Liogón
OPTICA PLM,854,Paul Careaga,Arturo Liogón
OPTICA ROCHA,947,Paul Careaga,Arturo Liogón
IMAGIA,1060,Paul Careaga,Arturo Liogón
COMIDA CASERA NUTRIRICO,1065,Paul Careaga,Arturo Liogón
NIPON LEYVA,1075,Paul Careaga,Arturo Liogón
PANADERIA ARTESANAL LC,1078,Paul Careaga,Arturo Liogón
SILENT CONSULTING,1082,Paul Careaga,Arturo Liogón
AUTOLAVADO PROFESIONAL,1087,Paul Careaga,Arturo Liogón
STEAKHOUSE CLN,1098,Paul Careaga,Arturo Liogón
SNACK BOX,1109,Paul Careaga,Arturo Liogón
DEPORTES PRO,1184,Paul Careaga,Arturo Liogón
SHEM BOX ARROCHITOS,1202,Paul Careaga,Arturo Liogón
DISTRIBUIDORA QUINTANA,1254,Paul Careaga,Arturo Liogón
MILO PETITE,1262,Paul Careaga,Arturo Liogón
MAC DOC,1330,Paul Careaga,Arturo Liogón
MEDICA CEL,1358,Paul Careaga,Arturo Liogón
WAKE UP,1378,Paul Careaga,Arturo Liogón
SEGUROS GESTORIA LM,1381,Paul Careaga,Arturo Liogón
JASON 21,1394,Paul Careaga,Arturo Liogón
B SUSHI,1443,Paul Careaga,Arturo Liogón
SHA SPA,1454,Paul Careaga,Arturo Liogón
JR CLAMATOS,1500,Paul Careaga,Arturo Liogón
RESTAURANTE AR,1507,Paul Careaga,Arturo Liogón
FINANCIERA FORECTAST,1544,Paul Careaga,Arturo Liogón
TAQUERIA LS,105,Vicente Rodriguez,Arturo Liogón
HOSPITAL MSS,121,Vicente Rodriguez,Arturo Liogón
CV BAR,651,Vicente Rodriguez,Arturo Liogón
RAP,497,AARA,Daniel Valero
REV,1302,AARA,Daniel Valero
LUCAS RICO GAZCA,1525,AARA,Daniel Valero
VIVA PALAPA,221,Daniel Valero,Daniel Valero
BARRACUDA,270,Daniel Valero,Daniel Valero
OSCAR W,496,Daniel Valero,Daniel Valero
DANIEL LOPEZ LOPEZ,570,Daniel Valero,Daniel Valero
REDO STUDIO,586,Daniel Valero,Daniel Valero
ASM,624,Daniel Valero,Daniel Valero
SR ROMA,638,Daniel Valero,Daniel Valero
ABRAHAM VILLANUEVA,1470,Daniel Valero,Daniel Valero
ROMAN RIQUELME ORTEGA,729,Sergio Araiza,Daniel Valero
PRISCILA LOPEZ LOPEZ,785,Sergio Araiza,Daniel Valero
RICARDO SANCHEZ LOPEZ,956,Sergio Araiza,Daniel Valero
CSL,1,Diego Guerrero,Diego Guerrero
CREAS,2,Diego Guerrero,Diego Guerrero
PARADISE PASS CANCUN,9,Diego Guerrero,Diego Guerrero
GRUPO MODS,19,Diego Guerrero,Diego Guerrero
IFCAPITAL,68,Diego Guerrero,Diego Guerrero
CASA MAKOTO,74,Diego Guerrero,Diego Guerrero
TELECABLE,109,Diego Guerrero,Diego Guerrero
GVO,134,Diego Guerrero,Diego Guerrero
GRUPO BEX,202,Diego Guerrero,Diego Guerrero
GINEBRA INVESTMENTS,213,Diego Guerrero,Diego Guerrero
JAIME GUERRERO,551,Diego Guerrero,Diego Guerrero
CSL 2,602,Diego Guerrero,Diego Guerrero
JUNIPERO DANCE,759,Diego Guerrero,Diego Guerrero
MSK,1053,Diego Guerrero,Diego Guerrero
LA POBLANITA DE TACUBAYA,1304,Diego Guerrero,Diego Guerrero
HOTEL BELO ISLA MUJERES,131,Diego Guerrero,Diego Guerrero
SKIN PROJECT,296,Gaby Hernandez,Diego Guerrero
ANGEL REYES NAVARRO,246,Navegante,Diego Guerrero
DOS CEIBAS,434,Octavio Dominguez,Diego Guerrero
HOTEL KAN WELLNESS,477,Octavio Dominguez,Diego Guerrero
LOBITO,884,Octavio Dominguez,Diego Guerrero
KUXTAL RESTAURANTE,976,Octavio Dominguez,Diego Guerrero
CEFI,1041,Octavio Dominguez,Diego Guerrero
PAPI PALAZUELOS,1118,Octavio Dominguez,Diego Guerrero
MI VIDA TULUM,1126,Octavio Dominguez,Diego Guerrero
FREE SPIRIT,1247,Octavio Dominguez,Diego Guerrero
TIPS CANCUN,31,Ds Soluciones,Ds soluciones
CANCUN BAY,61,Ds Soluciones,DS Soluciones
CASABAKAL,93,Ds Soluciones,DS Soluciones
MEXICO MAGICO,100,Ds Soluciones,DS Soluciones
BARCELO,267,Ds Soluciones,DS Soluciones
AZUL BACALAR VACATION RENTALS,271,Ds Soluciones,DS Soluciones
BARCELO RIVIERA MAYA,329,Ds Soluciones,Ds soluciones
CANTINA PEMEX,354,Ds Soluciones,DS Soluciones
CAFETAME,357,Ds Soluciones,DS Soluciones
RM,380,Ds Soluciones,DS Soluciones
STAY CANCUN,421,Ds Soluciones,Ds soluciones
MARIA D,462,Ds Soluciones,DS Soluciones
FM,521,Ds Soluciones,DS Soluciones
TANGERE,632,Ds Soluciones,DS Soluciones
GCASA,636,Ds Soluciones,DS Soluciones
RCI LATINOAMERICA,762,Ds Soluciones,DS Soluciones
ADVENTURE TOURS BAKAL,803,Ds Soluciones,DS Soluciones
BLS,851,Ds Soluciones,DS Soluciones
REGGY,901,Ds Soluciones,DS Soluciones
LAR,1024,Ds Soluciones,DS Soluciones
CANCUN PLAZA,1027,Ds Soluciones,DS Soluciones
BRENCH PARK S.A DE C.V,1056,Ds Soluciones,DS Soluciones
CUEVAS,1278,Ds Soluciones,DS Soluciones
LROC,1449,Ds Soluciones,DS Soluciones
MANUPW,1535,Ds Soluciones,DS Soluciones
TACO FACTORY GRAND OUTLET,631,Astrid Nava,Iñaki Otegui
RAINFALL BUSINESS,659,Astrid Nava,Iñaki Otegui
ZAIDA MORENO,1116,Astrid Nava,Iñaki Otegui
TOP SMILE CANCUN,1481,Astrid Nava,Iñaki Otegui
OPERADORA BARDO,51,Diego Guerrero,Iñaki Otegui
YATES CANCUN,566,Diego Guerrero,Iñaki Otegui
PEDI Y MANY,722,Eduardo Castillo,Iñaki Otegui
FUNDACION CRECIENDO,775,Eduardo Castillo,Iñaki Otegui
P MAMI,102,Grupo Chihuahua,Iñaki Otegui
LAS FAENAS,138,Grupo Chihuahua,Iñaki Otegui
CINCO PANES D1,142,Grupo Chihuahua,Iñaki Otegui
MR LUCKY DELICIAS,170,Grupo Chihuahua,Iñaki Otegui
RSR,203,Grupo Chihuahua,Iñaki Otegui
COMO BAHIAS,218,Grupo Chihuahua,Iñaki Otegui
100T,285,Grupo Chihuahua,Iñaki Otegui
EL PUENTE RESTAURANT,312,Grupo Chihuahua,Iñaki Otegui
MR LUCKY SAUCILLO,468,Grupo Chihuahua,Iñaki Otegui
LA CANTINA DEL TIO,528,Grupo Chihuahua,Iñaki Otegui
CLIFF BURTON 2,595,Grupo Chihuahua,Iñaki Otegui
PAIN MEDICAL GROUP,621,Grupo Chihuahua,Iñaki Otegui
INVESMEX,726,Grupo Chihuahua,Iñaki Otegui
ECS,730,Grupo Chihuahua,Iñaki Otegui
JPSG,745,Grupo Chihuahua,Iñaki Otegui
DENTAL SAUDINO,776,Grupo Chihuahua,Iñaki Otegui
ARMANDO RODRIGUEZ PEREZ,886,Grupo Chihuahua,Iñaki Otegui
ADAN VALENZUELA,908,Grupo Chihuahua,Iñaki Otegui
CRISTOBAL B,928,Grupo Chihuahua,Iñaki Otegui
DANNY,945,Grupo Chihuahua,Iñaki Otegui
SECAPSS HOSTING,985,Grupo Chihuahua,Iñaki Otegui
KA NAILS,1019,Grupo Chihuahua,Iñaki Otegui
VANESA PEREZ,1036,Grupo Chihuahua,Iñaki Otegui
EL GALLOZON CAMARGO,1095,Grupo Chihuahua,Iñaki Otegui
ELIA WELLNES,1170,Grupo Chihuahua,Iñaki Otegui
FIX,1377,Grupo Chihuahua,Iñaki Otegui
GEA DENTAL,1422,Grupo Chihuahua,Iñaki Otegui
GRUPO IMPORTADOR DE COMBUSTIBLES,1461,Grupo Chihuahua,Iñaki Otegui
ACQ MERIDA,1311,Grupo Mérida,Iñaki Otegui
CERVECERIA,17,Iñaki Otegui,Iñaki Otegui
MIGA,47,Iñaki Otegui,Iñaki Otegui
MAZAL,58,Iñaki Otegui,Iñaki Otegui
SERVICIOS JURIDICOS,67,Iñaki Otegui,Iñaki Otegui
GRUPO GV,104,Iñaki Otegui,Iñaki Otegui
SPIKES,116,Iñaki Otegui,Iñaki Otegui
LAB TEQUIS MATRIZ,128,Iñaki Otegui,Iñaki Otegui
FLIGHT SERVICES,146,Iñaki Otegui,Iñaki Otegui
INTERNATIONAL JEWERLY,152,Iñaki Otegui,Iñaki Otegui
COFFEE COZUMEL,171,Iñaki Otegui,Iñaki Otegui
RECUPERADORA REBAJA,184,Iñaki Otegui,Iñaki Otegui
ALUXES MERIDA,195,Iñaki Otegui,Iñaki Otegui
BAREFOOT DIVE CENTER,198,Iñaki Otegui,Iñaki Otegui
SIRENA SAN MIGUEL,199,Iñaki Otegui,Iñaki Otegui
LA CHURRERIA DE SANTIAGO,215,Iñaki Otegui,Iñaki Otegui
MINGO'S PLACE,222,Iñaki Otegui,Iñaki Otegui
LA FAMIGLIA,230,Iñaki Otegui,Iñaki Otegui
FALCO,245,Iñaki Otegui,Iñaki Otegui
PITBULL,254,Iñaki Otegui,Iñaki Otegui
HOLBOX & ASSOCIATES,290,Iñaki Otegui,Iñaki Otegui
CENTRAL PLAZA,300,Iñaki Otegui,Iñaki Otegui
SUCRE SALE,316,Iñaki Otegui,Iñaki Otegui
UMIA STUDIO,322,Iñaki Otegui,Iñaki Otegui
HERPAGON,334,Iñaki Otegui,Iñaki Otegui
XPEKTRE CAPITAL GROUP SAPI DE CV,345,Iñaki Otegui,Iñaki Otegui
AQUA CONDESA,360,Iñaki Otegui,Iñaki Otegui
GERARDO VILLARREAL,381,Iñaki Otegui,Iñaki Otegui
GRUPO TUKAN,387,Iñaki Otegui,Iñaki Otegui
LA SIRENA GORDA,426,Iñaki Otegui,Iñaki Otegui
CONSULTORIO GIO,430,Iñaki Otegui,Iñaki Otegui
MDLCB,448,Iñaki Otegui,Iñaki Otegui
GYNEACOLOGIS & AESTHETIC,489,Iñaki Otegui,Iñaki Otegui
ALFREDO SAMANO,508,Iñaki Otegui,Iñaki Otegui
WAFFLE SAN LUIS,519,Iñaki Otegui,Iñaki Otegui
KOKIN,547,Iñaki Otegui,Iñaki Otegui
TRAVESIAS,577,Iñaki Otegui,Iñaki Otegui
LORD,591,Iñaki Otegui,Iñaki Otegui
ZK DISTRIBUIDORA DE MODA,623,Iñaki Otegui,Iñaki Otegui
POLLO COQUETOS DE CANCUN,626,Iñaki Otegui,Iñaki Otegui
NEUROINGENIA CANCUN,635,Iñaki Otegui,Iñaki Otegui
RUFFUS CERVANTINO,654,Iñaki Otegui,Iñaki Otegui
RUFFUS AND MILA,655,Iñaki Otegui,Iñaki Otegui
CMEDICO,657,Iñaki Otegui,Iñaki Otegui
REFACCIONES M,687,Iñaki Otegui,Iñaki Otegui
EL ARBOLITO,692,Iñaki Otegui,Iñaki Otegui
CONSULTA GINECOLOGICA,705,Iñaki Otegui,Iñaki Otegui
HOTEL CARIBE,715,Iñaki Otegui,Iñaki Otegui
LUNA,737,Iñaki Otegui,Iñaki Otegui
FUNGI BAR CONDESA,748,Iñaki Otegui,Iñaki Otegui
KOOBEN LAAB,791,Iñaki Otegui,Iñaki Otegui
KARENS,802,Iñaki Otegui,Iñaki Otegui
ESTETICA DE PIES,809,Iñaki Otegui,Iñaki Otegui
HOGWARTS,815,Iñaki Otegui,Iñaki Otegui
DR. FRANCISCO GONZALEZ,878,Iñaki Otegui,Iñaki Otegui
SPA PIES CONTRY,880,Iñaki Otegui,Iñaki Otegui
LA DIVINA,912,Iñaki Otegui,Iñaki Otegui
QUINTO SOLE,929,Iñaki Otegui,Iñaki Otegui
FLDGEGB,930,Iñaki Otegui,Iñaki Otegui
RICARDO ZAPATA,932,Iñaki Otegui,Iñaki Otegui
HOLBOX RENTS,958,Iñaki Otegui,Iñaki Otegui
HOTEL BLUE KAY,1007,Iñaki Otegui,Iñaki Otegui
TAPIOCAS,1016,Iñaki Otegui,Iñaki Otegui
THE ORIGINAL LOBSTER HOUSE,1020,Iñaki Otegui,Iñaki Otegui
LA PALMA,1022,Iñaki Otegui,Iñaki Otegui
ELISYUM SPA,1030,Iñaki Otegui,Iñaki Otegui
HELADERIA FROZEN MONKEY,1072,Iñaki Otegui,Iñaki Otegui
TENNISDELSOL,1076,Iñaki Otegui,Iñaki Otegui
NATHAN ABALOS,1079,Iñaki Otegui,Iñaki Otegui
LA ESPERANZA,1081,Iñaki Otegui,Iñaki Otegui
CESUM,1083,Iñaki Otegui,Iñaki Otegui
SEBAS JOSE DZUL CUEVAS,1084,Iñaki Otegui,Iñaki Otegui
DONDE ENCUENTRAS,1086,Iñaki Otegui,Iñaki Otegui
CUCHIFAIS,1088,Iñaki Otegui,Iñaki Otegui
HOTEL ARENAS,1092,Iñaki Otegui,Iñaki Otegui
TUGUAPOPORSIEMPRE,1093,Iñaki Otegui,Iñaki Otegui
MATRIXX,1120,Iñaki Otegui,Iñaki Otegui
PIES SPA LINDA VISTA,1138,Iñaki Otegui,Iñaki Otegui
CESAR MORALES,1149,Iñaki Otegui,Iñaki Otegui
UNIVERSO,1193,Iñaki Otegui,Iñaki Otegui
FONICO RESTAURANTE,1205,Iñaki Otegui,Iñaki Otegui
COMIDA FIT CANCUN,1226,Iñaki Otegui,Iñaki Otegui
CAPAHELA,1249,Iñaki Otegui,Iñaki Otegui
AEMAN,1279,Iñaki Otegui,Iñaki Otegui
PLAYMUSIC,1286,Iñaki Otegui,Iñaki Otegui
AIEM,1290,Iñaki Otegui,Iñaki Otegui
CONSULTA NUTRICION,1292,Iñaki Otegui,Iñaki Otegui
EL COFFEE TO GO,1342,Iñaki Otegui,Iñaki Otegui
VITALMART,1356,Iñaki Otegui,Iñaki Otegui
LUCIA GONZALEZ,1363,Iñaki Otegui,Iñaki Otegui
MELLOW,1386,Iñaki Otegui,Iñaki Otegui
DRAGO,1387,Iñaki Otegui,Iñaki Otegui
JULIO ANTONIO ALVARADO DEL VECCHIO,1421,Iñaki Otegui,Iñaki Otegui
MANTENIMIENTO,1423,Iñaki Otegui,Iñaki Otegui
CUATRO ELEMENTOS,1429,Iñaki Otegui,Iñaki Otegui
CHUCK BURGERS,1431,Iñaki Otegui,Iñaki Otegui
CLINICA DENTAL EVOLUT,1439,Iñaki Otegui,Iñaki Otegui
JOAQUIN DIAZ DE LEON,1466,Iñaki Otegui,Iñaki Otegui
FRANCISCO NEGRETE,1473,Iñaki Otegui,Iñaki Otegui
JCVE,1495,Iñaki Otegui,Iñaki Otegui
MMW TECH TEAM,1523,Iñaki Otegui,Iñaki Otegui
PIZZAS & PASTAS FRATELLI,1552,Iñaki Otegui,Iñaki Otegui
LOMITOS ABORDO,1567,Iñaki Otegui,Iñaki Otegui
JOSE MANUEL PEREZ LARA,862,Iñaki Otegui,Iñaki Otegui
NUTRIOLOGA LORENA,581,Nalleli Urcid,Iñaki Otegui
PROLO VALLARTA,778,Nalleli Urcid,Iñaki Otegui
FLAUTASTICAS,1029,Nalleli Urcid,Iñaki Otegui
DR AKE NAZUL,1144,Nalleli Urcid,Iñaki Otegui
Asadero CDMX,90,Ninel Chavarría,Iñaki Otegui
RESTAURANTE EGO,166,Ninel Chavarría,Iñaki Otegui
NATIVVA,319,Ninel Chavarría,Iñaki Otegui
Asadero Cancún,366,Ninel Chavarría,Iñaki Otegui
CONSULTORIO DRA ALMA VARGAS,386,Ninel Chavarría,Iñaki Otegui
KUYEN HOTEL BOUTIQUE,514,Ninel Chavarría,Iñaki Otegui
TRANSPORTES Y ESTACIONAMIENTOS YTV,552,Ninel Chavarría,Iñaki Otegui
INTERVALLO,584,Ninel Chavarría,Iñaki Otegui
PETOPIA,593,Ninel Chavarría,Iñaki Otegui
SILVANO BONAVIA,650,Ninel Chavarría,Iñaki Otegui
EDUARDO ALFREDO VÉLEZ BULLE,765,Ninel Chavarría,Iñaki Otegui
BLISS,879,Ninel Chavarría,Iñaki Otegui
HAPPY TRIBE,900,Ninel Chavarría,Iñaki Otegui
ESTACION B,943,Ninel Chavarría,Iñaki Otegui
CEDyC,949,Ninel Chavarría,Iñaki Otegui
CASA MADONNA,982,Ninel Chavarría,Iñaki Otegui
SIRIUS,1012,Ninel Chavarría,Iñaki Otegui
YUKA,1112,Ninel Chavarría,Iñaki Otegui
ROYAL TABLE CANCUN,1143,Ninel Chavarría,Iñaki Otegui
CRECIENDO EN GRANDE,1151,Ninel Chavarría,Iñaki Otegui
CEDYC ZLLO,1263,Ninel Chavarría,Iñaki Otegui
IRMA ARCHUNDIA,1328,Ninel Chavarría,Iñaki Otegui
PACANCUN,1339,Ninel Chavarría,Iñaki Otegui
GE AMC,1346,Ninel Chavarría,Iñaki Otegui
CENTRO ABETO,1352,Ninel Chavarría,Iñaki Otegui
The Yellow,172,Ninel/Kassandra,Iñaki Otegui
SUITES,653,Ninel/Kassandra,Iñaki Otegui
GRUPO PEDIATRICO,666,Ninel/Kassandra,Iñaki Otegui
ONCE AND FOREVER,768,Ninel/Kassandra,Iñaki Otegui
Traumatologia Q.Roo,1051,Ninel/Kassandra,Iñaki Otegui
Consultor Holistico,1409,Ninel/Kassandra,Iñaki Otegui
SUSHI ITTO,359,Ninel/Kassandra/Astrid,Iñaki Otegui
NECXUS,64,Rafael Carpio,Iñaki Otegui
TRAJES GUADALAJARA,147,Rafael Carpio,Iñaki Otegui
TRAJES ELITE,310,Rafael Carpio,Iñaki Otegui
SATPRO,315,Rafael Carpio,Iñaki Otegui
TORREON ELITE,512,Rafael Carpio,Iñaki Otegui
BOMBOM,1348,Rafael Carpio,Iñaki Otegui
RESTAURANTES MR,50,Rodrigo Siqueff,Iñaki Otegui
TRAVEL INNOVATIONS SJ,96,Rodrigo Siqueff,Iñaki Otegui
CAFETERIAS MEXICO,106,Rodrigo Siqueff,Iñaki Otegui
GRUPO PICAÑAS,113,Rodrigo Siqueff,Iñaki Otegui
RESTAURANTE 47,144,Rodrigo Siqueff,Iñaki Otegui
MANOSANTA,185,Rodrigo Siqueff,Iñaki Otegui
ISLA,269,Rodrigo Siqueff,Iñaki Otegui
SNAP MEXICO,389,Rodrigo Siqueff,Iñaki Otegui
BOUTIQUE TM MID,450,Rodrigo Siqueff,Iñaki Otegui
HAGUAY,511,Rodrigo Siqueff,Iñaki Otegui
CECILIA MARQUEZ GONZALEZ,549,Rodrigo Siqueff,Iñaki Otegui
TRAGO TABASCO,571,Rodrigo Siqueff,Iñaki Otegui
DARK JAPANESE CUISINE,572,Rodrigo Siqueff,Iñaki Otegui
DAY PASS,590,Rodrigo Siqueff,Iñaki Otegui
MITICA,633,Rodrigo Siqueff,Iñaki Otegui
ARMANDO MENDOZA,792,Rodrigo Siqueff,Iñaki Otegui
PLAYA ESMERALDA,824,Rodrigo Siqueff,Iñaki Otegui
DR. RICARDO PEÑALOZA CUEVAS,868,Rodrigo Siqueff,Iñaki Otegui
MID PILATES,869,Rodrigo Siqueff,Iñaki Otegui
MR MIME,899,Rodrigo Siqueff,Iñaki Otegui
MILO B,931,Rodrigo Siqueff,Iñaki Otegui
HELADERIAS MERIDA,1034,Rodrigo Siqueff,Iñaki Otegui
CONTRATACIONES MERIDA,1068,Rodrigo Siqueff,Iñaki Otegui
JOHN WICK,1148,Rodrigo Siqueff,Iñaki Otegui
LA PASTEQUE,1187,Rodrigo Siqueff,Iñaki Otegui
ADRIAN ATOCHA EUAN,1197,Rodrigo Siqueff,Iñaki Otegui
COMERCIO ZAPATILLAS,1272,Rodrigo Siqueff,Iñaki Otegui
Foro Lomas,7,Javier Lindner,Javier Lindner
Operadores de servicios (Los Canarios),11,Javier Lindner,Javier Lindner
TIATHA,16,Javier Lindner,Javier Lindner
MR SUSHI,29,Javier Lindner,Javier Lindner
SKYBAR CABO,37,Javier Lindner,Javier Lindner
MP LINDA VISTA,43,Javier Lindner,Javier Lindner
PRODUCTOS MEDICOS,48,Javier Lindner,Javier Lindner
TINA,49,Javier Lindner,Javier Lindner
GASTRONOMICAS NONINA'S,52,Javier Lindner,Javier Lindner
GRUPO IKIGAI,54,Javier Lindner,Javier Lindner
CORPORATIVO DIAMANTE SA DE CV,56,Javier Lindner,Javier Lindner
CUENTA DE COMPLEMENTOS,59,Javier Lindner,Javier Lindner
IMPORTACIONES EXPRESS,72,Javier Lindner,Javier Lindner
DANIELA MIJAREZ,80,Javier Lindner,Javier Lindner
TACOS AL CARBON,83,Javier Lindner,Javier Lindner
JOYERIAS DEL CARIBE,87,Javier Lindner,Javier Lindner
NANCY JIMENEZ,95,Javier Lindner,Javier Lindner
CORPORATIVO AKYA,99,Javier Lindner,Javier Lindner
JAVIER ESCANDON,111,Javier Lindner,Javier Lindner
VERDURAS EXPRESS,114,Javier Lindner,Javier Lindner
GIOVANNA PUENTE,123,Javier Lindner,Javier Lindner
DISENO EN PUBLICIDAD,124,Javier Lindner,Javier Lindner
ACCEDE INMOBILIARIA,140,Javier Lindner,Javier Lindner
MR SUSHI FRAN,145,Javier Lindner,Javier Lindner
MWSEGURIDAD,151,Javier Lindner,Javier Lindner
RODRIGO CASTORENA,163,Javier Lindner,Javier Lindner
MR SUSHI RODRIGO,168,Javier Lindner,Javier Lindner
COME ANCHOAS,177,Javier Lindner,Javier Lindner
VIP FLY,190,Javier Lindner,Javier Lindner
TABA BBQ,193,Javier Lindner,Javier Lindner
KOREAN SA,204,Javier Lindner,Javier Lindner
MEXICANA EXPRESS,229,Javier Lindner,Javier Lindner
BEFE HOSPITALITY,235,Javier Lindner,Javier Lindner
JARD,239,Javier Lindner,Javier Lindner
EL TIGRE,249,Javier Lindner,Javier Lindner
DANIEL HIRAM MARROQUIN ORTIZ,251,Javier Lindner,Javier Lindner
RICARDO RESENDEZ,259,Javier Lindner,Javier Lindner
DESTINATION,264,Javier Lindner,Javier Lindner
JUAN HERNANDEZ SOTO,278,Javier Lindner,Javier Lindner
EL AMIGO,287,Javier Lindner,Javier Lindner
JAVIER PAVANTE,294,Javier Lindner,Javier Lindner
MAU J,299,Javier Lindner,Javier Lindner
RAICES&ROUTES,303,Javier Lindner,Javier Lindner
UNIVERSIDAD NACIONAL 2,314,Javier Lindner,Javier Lindner
CAFETERIA,340,Javier Lindner,Javier Lindner
DNM CARIBBEAN,353,Javier Lindner,Javier Lindner
CABO EVERYTHING,361,Javier Lindner,Javier Lindner
DRAGONS69,367,Javier Lindner,Javier Lindner
RAMON H,372,Javier Lindner,Javier Lindner
BODY FITNESS PILATES REFORMER STUDIO,375,Javier Lindner,Javier Lindner
CABANE ESCONDIDO,379,Javier Lindner,Javier Lindner
FRANCISCO AGUILAR SPEI,396,Javier Lindner,Javier Lindner
STYLE SA DE CV,397,Javier Lindner,Javier Lindner
MISHA SOKOLOV MLAINOVIC,403,Javier Lindner,Javier Lindner
Los Arcos,405,Javier Lindner,Javier Lindner
PVMT RENTAS,412,Javier Lindner,Javier Lindner
ARRRCO,413,Javier Lindner,Javier Lindner
ALEJANDRO BALSA,423,Javier Lindner,Javier Lindner
KARLA GARCIA RAMIREZ,439,Javier Lindner,Javier Lindner
GIORGIO SIMONE,445,Javier Lindner,Javier Lindner
BTB SAN ANGEL,454,Javier Lindner,Javier Lindner
HAND LAB,456,Javier Lindner,Javier Lindner
COQUETO,458,Javier Lindner,Javier Lindner
ELEVATE YACHTS CABO,466,Javier Lindner,Javier Lindner
PETRA,474,Javier Lindner,Javier Lindner
GLOBAL,481,Javier Lindner,Javier Lindner
XINA YING,484,Javier Lindner,Javier Lindner
CACAO SPA TULUM,486,Javier Lindner,Javier Lindner
MOBILARIA,504,Javier Lindner,Javier Lindner
CASA ALIZ,522,Javier Lindner,Javier Lindner
PROMSA,523,Javier Lindner,Javier Lindner
RAC,524,Javier Lindner,Javier Lindner
AESTHETIC,525,Javier Lindner,Javier Lindner
4PL,526,Javier Lindner,Javier Lindner
MALISH,527,Javier Lindner,Javier Lindner
PUBLICIDAD EN MEDIOS,534,Javier Lindner,Javier Lindner
NV YACHTS,542,Javier Lindner,Javier Lindner
LOGISTICS NIGHT LIFE,550,Javier Lindner,Javier Lindner
MARIANA ARIAS,553,Javier Lindner,Javier Lindner
JOSE ALCAZAR ORTIZ,555,Javier Lindner,Javier Lindner
IVAN RIVERA CRUZ,567,Javier Lindner,Javier Lindner
RAUL JIMENEZ,578,Javier Lindner,Javier Lindner
JOSE LUIS MARTINEZ GONZALEZ,596,Javier Lindner,Javier Lindner
RAMIRO ROSAS,597,Javier Lindner,Javier Lindner
GERARDO A CURTO WILDE,637,Javier Lindner,Javier Lindner
PABLO CASTILLO,644,Javier Lindner,Javier Lindner
NOVALI,667,Javier Lindner,Javier Lindner
SANTIAGO GARZA,669,Javier Lindner,Javier Lindner
EL SELLA POLANCO,671,Javier Lindner,Javier Lindner
CALTURSA,677,Javier Lindner,Javier Lindner
PONCHO SERRANO,680,Javier Lindner,Javier Lindner
GRACIELA PEREZ,688,Javier Lindner,Javier Lindner
OLIVETTA,712,Javier Lindner,Javier Lindner
EUROTRIP,723,Javier Lindner,Javier Lindner
PEDRO SÁNCHEZ,732,Javier Lindner,Javier Lindner
CORPORATIVO MEDICO,741,Javier Lindner,Javier Lindner
FIDEICOMISO 1818,744,Javier Lindner,Javier Lindner
NOLIBERTO ZALDIVAR HERNANDEZ,749,Javier Lindner,Javier Lindner
GABRIELA VELASCO BAUTISTA,751,Javier Lindner,Javier Lindner
BAJA SOUND CO,766,Javier Lindner,Javier Lindner
QUARTO,772,Javier Lindner,Javier Lindner
ADMINISTRADORA XXI,773,Javier Lindner,Javier Lindner
GLOBAL VALUE WORKS,795,Javier Lindner,Javier Lindner
MESOPOTAMIA,807,Javier Lindner,Javier Lindner
JUAN LUIS GAJARDO,812,Javier Lindner,Javier Lindner
DISOLENSA MEXICO,817,Javier Lindner,Javier Lindner
ALBERTO TRANSMONTE,822,Javier Lindner,Javier Lindner
JAIME FERNANDEZ,847,Javier Lindner,Javier Lindner
PANLO,848,Javier Lindner,Javier Lindner
SENATORE,850,Javier Lindner,Javier Lindner
ESCUELA DE DJ,860,Javier Lindner,Javier Lindner
FIDEICOMISO 1616,865,Javier Lindner,Javier Lindner
CORP ANCAR,866,Javier Lindner,Javier Lindner
ICON ROMA,876,Javier Lindner,Javier Lindner
SIX JACQUELINE,891,Javier Lindner,Javier Lindner
V.V SERVICES,894,Javier Lindner,Javier Lindner
SAMUEL HERRERA,919,Javier Lindner,Javier Lindner
GA,938,Javier Lindner,Javier Lindner
XAVIER MYYCASA,939,Javier Lindner,Javier Lindner
KING YACHT LOS CABOS,941,Javier Lindner,Javier Lindner
PATRICIA RUIZ GOMEZ,942,Javier Lindner,Javier Lindner
IB SAN MIGUEL,946,Javier Lindner,Javier Lindner
DANZAMAR,950,Javier Lindner,Javier Lindner
HOSPEDAJE SA DE CV,954,Javier Lindner,Javier Lindner
VEMIKINA,959,Javier Lindner,Javier Lindner
LOS BIRREYES,964,Javier Lindner,Javier Lindner
PABLO ARMAS,974,Javier Lindner,Javier Lindner
HAUSE OF TEMPO,977,Javier Lindner,Javier Lindner
ROGELIO VILLASEÑOR,979,Javier Lindner,Javier Lindner
ZOO BEACH CLUB ENTERTAINMENT,993,Javier Lindner,Javier Lindner
TIME TO SHINE,996,Javier Lindner,Javier Lindner
CORPORATIVO LEON,1002,Javier Lindner,Javier Lindner
CABO TRANSFERS,1013,Javier Lindner,Javier Lindner
SOLLANO 67,1018,Javier Lindner,Javier Lindner
JUAN CRISTOBAL GONZALEZ DE COSSIO,1037,Javier Lindner,Javier Lindner
HARO MEDIA,1043,Javier Lindner,Javier Lindner
TERESA YEPES,1048,Javier Lindner,Javier Lindner
C78CL,1054,Javier Lindner,Javier Lindner
AUTO LAVADO,1064,Javier Lindner,Javier Lindner
MUSCLESTHETIC,1070,Javier Lindner,Javier Lindner
YUSEF TANUS GAZAL,1077,Javier Lindner,Javier Lindner
Diego A,1108,Javier Lindner,Javier Lindner
DIEGO C,1119,Javier Lindner,Javier Lindner
AC BOATS,1123,Javier Lindner,Javier Lindner
ESTACIONAMIENTO SPK,1128,Javier Lindner,Javier Lindner
CASA GUADALUPE,1139,Javier Lindner,Javier Lindner
BRUNO BORJA,1146,Javier Lindner,Javier Lindner
SUPER LOS CORREDORES,1153,Javier Lindner,Javier Lindner
BODYBALLANCE,1160,Javier Lindner,Javier Lindner
EDGAR ORTEGA,1169,Javier Lindner,Javier Lindner
ALITAS BLACKY,1171,Javier Lindner,Javier Lindner
SAMANTHA HERRERA,1182,Javier Lindner,Javier Lindner
LOS ENMASCATACOS SIN LIMITE DE ANTOJO,1200,Javier Lindner,Javier Lindner
SANTIAGO SANCHEZ FRITSCHE,1214,Javier Lindner,Javier Lindner
CARLOS HERNANDEZ,1217,Javier Lindner,Javier Lindner
MILAN,1224,Javier Lindner,Javier Lindner
MALFAVON ANDRADE,1250,Javier Lindner,Javier Lindner
SELLWISE,1258,Javier Lindner,Javier Lindner
CAPITALINO,1265,Javier Lindner,Javier Lindner
PABLO VIVANCO BLANCO,1269,Javier Lindner,Javier Lindner
SERVICIOS KUROMI,1276,Javier Lindner,Javier Lindner
DASHA,1289,Javier Lindner,Javier Lindner
INTEGRIMUNDOS,1293,Javier Lindner,Javier Lindner
PVMT YATES,1295,Javier Lindner,Javier Lindner
HEALTHY GLOW,1305,Javier Lindner,Javier Lindner
SURCO,1307,Javier Lindner,Javier Lindner
DIEGO LORENZO CUMPLIDO DEL CASTILLO,1308,Javier Lindner,Javier Lindner
BAJA BLUE MASSAGE,1332,Javier Lindner,Javier Lindner
FRANCISCO PEREZ SALAZAR,1344,Javier Lindner,Javier Lindner
SANTIAGO JIMENEZ SIMON,1362,Javier Lindner,Javier Lindner
POLO ESPAÑA,1373,Javier Lindner,Javier Lindner
MANUEL RUIZ,1379,Javier Lindner,Javier Lindner
TOTAL WELLNESS,1380,Javier Lindner,Javier Lindner
EZ CONTACT CENTER,1382,Javier Lindner,Javier Lindner
REINO STUDIO MX,1402,Javier Lindner,Javier Lindner
LUXURY YACHTS CABO,1410,Javier Lindner,Javier Lindner
VEBAR & CO,1440,Javier Lindner,Javier Lindner
LIBROS LOMAS,1452,Javier Lindner,Javier Lindner
MONSTRO BUSINESS,1475,Javier Lindner,Javier Lindner
MONSTRO OPERACIONES,1479,Javier Lindner,Javier Lindner
A&A ASOCIADOS,1492,Javier Lindner,Javier Lindner
PIKADONNA,1496,Javier Lindner,Javier Lindner
FIDEICOMISO 1717,1503,Javier Lindner,Javier Lindner
ALBERTOSP,1526,Javier Lindner,Javier Lindner
CALIX TOURS,1528,Javier Lindner,Javier Lindner
MEDICI,1555,Javier Lindner,Javier Lindner
ANDRES RENTAS,298,Javier Lindner,Javier Lindner
KING CLUB,516,Javier Lindner,Javier Lindner
ALEJANDRA HERNANDEZ,580,Javier Lindner,Javier Lindner
ANA PAULA SERRANO,627,Javier Lindner,Javier Lindner
ESTHER LUTCHAN,678,Javier Lindner,Javier Lindner
JAQUELINE VAZQUEZ,893,Javier Lindner,Javier Lindner
FELIX ORBIS,1162,Javier Lindner,Javier Lindner
LA BUENA FE,69,Ludo Linder,Javier Lindner
NAIL ATTELIER,478,Ludo Linder,Javier Lindner
MINA,754,Ludo Linder,Javier Lindner
MASARYK,108,Paula Barriga,Javier Lindner
PXG,233,Paula Barriga,Javier Lindner
TAQUITOS MI AMOR,980,Paula Barriga,Javier Lindner
Mauricio Doporto,538,Alex Bracho,Manuel Cortés
ARSA,760,Christian Avelar,Manuel Cortés
Memo Avelar,967,Christian Avelar,Manuel Cortés
Red Celular Morelos,1343,Christian Avelar,Manuel Cortés
MCS - Personal,463,Manuel Cortés,Manuel Cortés
Elektra,475,Manuel Cortés,Manuel Cortés
MAKKEN,531,Manuel Cortés,Manuel Cortés
MANUEL CORTES,709,Manuel Cortés,Manuel Cortés
MAC BLU & ADCOMA,735,Manuel Cortés,Manuel Cortés
BAZ - BANCO AZTECA,819,Manuel Cortés,Manuel Cortés
N3M_GKM,1237,Manuel Cortés,Manuel Cortés
EL CARGOL,1451,Manuel Cortés,Manuel Cortés
"PEGASUS RS, SA DE CV",135,Nicole Bauzá,Nicole Bauzá
FRANKEL SA DE CV,226,Nicole Bauzá,Nicole Bauzá
CASA IXUM,536,Nicole Bauzá,Nicole Bauzá
ALEJANDRO MONROY REUS,1319,Nicole Bauzá,Nicole Bauzá
ZC COMUNICA SA DE CV,1411,Nicole Bauzá,Nicole Bauzá
TALKETIN SA DE CV,1522,Nicole Bauzá,Nicole Bauzá
LOS COCTELES DE VIRREYES SANTA FE,89,Omar Cravioto,Omar Cravioto
VHU,117,Omar Cravioto,Omar Cravioto
BEBEVENT CC ANGELÓPOLIS,781,Alexandra Vazquez,PayWise
BEBEVENT,827,Alexandra Vazquez,PayWise
BEBEVENT VALQUIRICO 2,995,Alexandra Vazquez,PayWise
BEBEVENT POLANCO,1570,Alexandra Vazquez,PayWise
ANTOJITOS MOONS,1303,Brian Mures,PayWise
EL CARRITO ROJO,1483,Brian Mures,PayWise
LAS QKAS 2,855,Carlos Torres,PayWise
EDUARDO TELLEZ,913,Carlos Torres,PayWise
DIS21,1347,Carlos Torres,PayWise
THE SICRET GARDEN,1517,Carlos Torres,PayWise
TRYPHE,1418,Erik Gomora,PayWise
MARICELA RECENDEZ LOPEZ,1460,Erik Gomora,PayWise
HOTEL BOUTIQUE PARADOR SAN MIGUEL,697,Fernando Velasco,PayWise
ABELARDO RODRIGUEZ BURGOS,1487,Fernando Velasco,PayWise
JUAN PABLO VIVANCO,1350,Francisco Itto,PayWise
FARMACIA GENERICO Y PATENTE,1486,Harumi Betanzos,PayWise
VERA,561,Isaac Gomora,PayWise
MBC,756,Isaac Gomora,PayWise
KULTO,800,Isaac Gomora,PayWise
AY MI POLLITO,1513,Isaac Gomora,PayWise
GLOW INOVATION,1550,Isaac Gomora,PayWise
DATAVORTEK SA DE CV,238,Juan Carlos Gonzalez,PayWise
PayWise - Comerciales,5,PayWise,PayWise
Referenciadores,10,PayWise,PayWise
Conciliación Unfortunate,22,PayWise,PayWise
PAGOS-CATERING & EVENTOS DE AZUCAR ZAZ SA DE CV,321,PayWise,PayWise
PAGOS-EVENTOS Y RECUERDOS CRISTAL INC SA DE CV,473,PayWise,PayWise
PAGOS-UNFORTUNATE EVENTS SA DE CV,721,PayWise,PayWise
PAGOS-DORANTES MEDICOS A LA VANGUARDIA SA DE CV,780,PayWise,PayWise
PayWise - Tecnología,867,PayWise,PayWise
PAGOS-FIX IT WALDORF SA DE CV,917,PayWise,PayWise
PAGOS-OPERACIONES MAXIMUS SA DE CV,924,PayWise,PayWise
PAGOS-OPERADORA JULIET PARKIDS SA DE CV,1017,PayWise,PayWise
PAGOS-EVENTOS CREATIVOS MADO SA DE CV,1045,PayWise,PayWise
HABIB CORP,1089,PayWise,PayWise
PayWise - Operaciones & Admon,1161,PayWise,PayWise
PAGOS-DORQUIN SERVICES SA DE CV,1398,PayWise,PayWise
MAMMUT PIZZERIA,132,Alejandro Aguilera,Phil Caire
DELUXE PRIVATE BOATS,236,Alejandro Aguilera,Phil Caire
GANAXA,280,Alejandro Aguilera,Phil Caire
CLINICA IMATEK IMAGEN,324,Alejandro Aguilera,Phil Caire
DR. ALVARO DE ALARCON JAUREGUI,573,Alejandro Aguilera,Phil Caire
SACRE DENTAL,608,Alejandro Aguilera,Phil Caire
CZM PHARMACY,731,Alejandro Aguilera,Phil Caire
RICOS TACOS JUVENTUD,797,Alejandro Aguilera,Phil Caire
PEPE GAUCHO,889,Alejandro Aguilera,Phil Caire
DENTAL INTEGRAL,1001,Alejandro Aguilera,Phil Caire
SEAS THE DAY,1100,Alejandro Aguilera,Phil Caire
COBRASOFOM,154,Alejandro Aguilera,Phil Caire
DANTES WINGS,157,Andrea Aguilera,Phil Caire
LA INGLESA,418,Andrea Aguilera,Phil Caire
FORET,460,Andrea Aguilera,Phil Caire
SAN TELMO CELAYA,488,Andrea Aguilera,Phil Caire
SAN TELMO BRU,639,Andrea Aguilera,Phil Caire
SAN TELMO SMA,1127,Andrea Aguilera,Phil Caire
HUGO AMIEVA,1225,Andrea Aguilera,Phil Caire
AHOGADOS GUADALAJARRA,1427,Andrea Aguilera,Phil Caire
LA ARENA THE BOSS,1497,Andrea Aguilera,Phil Caire
GABRIELA GUTIERREZ,293,Eduardo Orozco ,Phil Caire
GLOW SUPPLEMENTS,752,Eduardo Orozco ,Phil Caire
DRA. CLAUDIA VALTIERRA,905,Eduardo Orozco ,Phil Caire
SILA PILATES AND WELLNESS,1370,Eduardo Orozco ,Phil Caire
GELISH TIME,1158,Enrique Abedrop,Phil Caire
XV TERRAZA,691,Jorge Alvarez,Phil Caire
BRUNO BERRUTI,564,Juan Carlos Gurumeta,Phil Caire
"Ramirez Garrido Asociados, SC",162,Manuel Cortés,Phil Caire
CHILTEPIN,41,Oscar Solís,Phil Caire
GRUPO CAURI,174,Oscar Solís,Phil Caire
LA JUNGLA BUFFET,518,Oscar Solís,Phil Caire
GRUPO TOSCANO,45,Phil Caire,Phil Caire
JARRITA DE ORO,66,Phil Caire,Phil Caire
RITMO CAFE,129,Phil Caire,Phil Caire
PANADERIA SAN SIMON,136,Phil Caire,Phil Caire
DANTE BRASA Y FUEGO,143,Phil Caire,Phil Caire
TIENDA CHINA EL DORADO,183,Phil Caire,Phil Caire
FERNANDO DE IBARROLA,201,Phil Caire,Phil Caire
AMELIA DC,225,Phil Caire,Phil Caire
CAFE DES ARTISTES,262,Phil Caire,Phil Caire
CAFETERIA FENICIA,283,Phil Caire,Phil Caire
TATANKA,291,Phil Caire,Phil Caire
MAS 3,295,Phil Caire,Phil Caire
PANADERIA SANTA RITA,317,Phil Caire,Phil Caire
PAITITI,318,Phil Caire,Phil Caire
TERRAZA REFORMA 333,325,Phil Caire,Phil Caire
DENTZ,332,Phil Caire,Phil Caire
HOTEL MARJABA,346,Phil Caire,Phil Caire
LUDLOW BISTRO,347,Phil Caire,Phil Caire
MEDICAL CENTER,348,Phil Caire,Phil Caire
TGBS,365,Phil Caire,Phil Caire
CENTRO CULTURAL ANAHUAC,368,Phil Caire,Phil Caire
PABLO GARCIA,378,Phil Caire,Phil Caire
MASAMAR,394,Phil Caire,Phil Caire
JAVIER ORTIZ,401,Phil Caire,Phil Caire
BICHES MICHES,406,Phil Caire,Phil Caire
DIVERSIUM PLAYFROUND,409,Phil Caire,Phil Caire
JORGE DE IBARROLA,410,Phil Caire,Phil Caire
PINGOS,425,Phil Caire,Phil Caire
GRUPO TOTO,428,Phil Caire,Phil Caire
STUDIO P,442,Phil Caire,Phil Caire
CONSULTORIO 315,444,Phil Caire,Phil Caire
PASTA E VINO CUERNAVACA,446,Phil Caire,Phil Caire
NUTRICION SALUDABLE,453,Phil Caire,Phil Caire
PADIA JEWELRY,461,Phil Caire,Phil Caire
ALGO NUEVO,469,Phil Caire,Phil Caire
CENTRO QUIRURGICO JL PRADO,490,Phil Caire,Phil Caire
JUGOS EL MANANTIAL CARDEL,501,Phil Caire,Phil Caire
KARISMA REST,505,Phil Caire,Phil Caire
SAN TELMO JURIQUILLA,544,Phil Caire,Phil Caire
GP PARK,546,Phil Caire,Phil Caire
JUGOS EL MANANTIAL RIVIERA,548,Phil Caire,Phil Caire
PARRILLA HILL,558,Phil Caire,Phil Caire
THE PATH,562,Phil Caire,Phil Caire
NEARSHORING INVESTMENTS INC,569,Phil Caire,Phil Caire
CLUB DE GOLF SANTA FE,574,Phil Caire,Phil Caire
SC STUDIO,575,Phil Caire,Phil Caire
GTU CAMPUS PACHUCA,604,Phil Caire,Phil Caire
EL AGUACHIL,620,Phil Caire,Phil Caire
NIVEL CERO,645,Phil Caire,Phil Caire
TUNA BLANCA,652,Phil Caire,Phil Caire
LA CASA BY THIERRY BLOUET,660,Phil Caire,Phil Caire
LEYENDAS DEL BOX,661,Phil Caire,Phil Caire
EL PALOMAZO,676,Phil Caire,Phil Caire
OGT,679,Phil Caire,Phil Caire
RICARDO EXPRESS AMISTAD,693,Phil Caire,Phil Caire
ONE BEAT GROUP,696,Phil Caire,Phil Caire
COCINA INDUSTRIAL RICARDO´S,714,Phil Caire,Phil Caire
GYNCARE,718,Phil Caire,Phil Caire
PALA PALA,724,Phil Caire,Phil Caire
HUMAN GAIN CAPITAL,727,Phil Caire,Phil Caire
METRO LANES BOWLING & LOUNGE,746,Phil Caire,Phil Caire
MYSSO,771,Phil Caire,Phil Caire
ZABRA,779,Phil Caire,Phil Caire
Fin de California SA de CV (FINCA),782,Phil Caire,Phil Caire
ALEJANDRA HEGEWISCH,786,Phil Caire,Phil Caire
MC CONSULTING,804,Phil Caire,Phil Caire
POSADA DOÑA LALA,825,Phil Caire,Phil Caire
RESTAURANTE MARIA RIVERA,826,Phil Caire,Phil Caire
PAD3L ALIMENTOS,836,Phil Caire,Phil Caire
BAJA ESTUDIO,843,Phil Caire,Phil Caire
DOMIK U,882,Phil Caire,Phil Caire
DAB,951,Phil Caire,Phil Caire
RESTAURANTE DOÑA LALA,957,Phil Caire,Phil Caire
G TIME CALZADA,972,Phil Caire,Phil Caire
ISLA MAZATLAN RC,975,Phil Caire,Phil Caire
COCORITA,1015,Phil Caire,Phil Caire
GERMAN ORTIZ,1031,Phil Caire,Phil Caire
DEJAVU BRANDS,1062,Phil Caire,Phil Caire
DR CARLOS SANDOVAL,1063,Phil Caire,Phil Caire
EXIMIUM CARS,1071,Phil Caire,Phil Caire
HB SALOON,1085,Phil Caire,Phil Caire
MAWACH,1099,Phil Caire,Phil Caire
PARRILLA DIANA,1110,Phil Caire,Phil Caire
PAD3L CAFE,1125,Phil Caire,Phil Caire
WHOLEJUICE,1129,Phil Caire,Phil Caire
MOTION GYMNASTICS,1132,Phil Caire,Phil Caire
GRUPO FERNANDEZ CUTELLE S.A de C.V,1137,Phil Caire,Phil Caire
VASTO TRATTORIA,1167,Phil Caire,Phil Caire
DONAIRE HB,1178,Phil Caire,Phil Caire
OCEAN MOTORBIKES,1179,Phil Caire,Phil Caire
LA ROKOLA,1195,Phil Caire,Phil Caire
XOLO HOSTAL,1210,Phil Caire,Phil Caire
CLINICA MOJICA,1213,Phil Caire,Phil Caire
MARQUESITAS FACTORY,1215,Phil Caire,Phil Caire
HOSTAL EL PATIO,1230,Phil Caire,Phil Caire
GRUPO GETREALL,1240,Phil Caire,Phil Caire
ISSA BEAUTY,1246,Phil Caire,Phil Caire
ASESORES DE INVERSION,1255,Phil Caire,Phil Caire
MAMBA ROOFTOP,1277,Phil Caire,Phil Caire
BURRITOS MÉXICO,1284,Phil Caire,Phil Caire
BRUSH NOTES,1294,Phil Caire,Phil Caire
LA PIETRA,1355,Phil Caire,Phil Caire
CAM,1360,Phil Caire,Phil Caire
PEDRO MACEDO,1367,Phil Caire,Phil Caire
DR WOOG,1368,Phil Caire,Phil Caire
JMS CONSTRUCTORES,1372,Phil Caire,Phil Caire
PATCHESS,1389,Phil Caire,Phil Caire
TAQUERIA LA NACIONAL,1395,Phil Caire,Phil Caire
FLAUTAS MEXICO,1401,Phil Caire,Phil Caire
DR GUSTAVO SARMIENTO,1415,Phil Caire,Phil Caire
FISIODINAMIA,1430,Phil Caire,Phil Caire
KAPA,1462,Phil Caire,Phil Caire
DLP ABOGADOS,1465,Phil Caire,Phil Caire
AGUA BENDITA BOUTIQUE,1469,Phil Caire,Phil Caire
RAMEN ARCADE,1488,Phil Caire,Phil Caire
CAFETERIA CCA,1491,Phil Caire,Phil Caire
HOTEL MAYA TURQUESA,1564,Phil Caire,Phil Caire
TWS PTA,1584,Phil Caire,Phil Caire
CONTROL Y DISPERSION,55,Phil Caire,Phil Caire
CONSULTORIO MEDICO,422,Adam Dorenbaum,Santiago García
TRANSPORTES GYM INTERNATIONAL,92,Eliseo Camacho,Santiago García
BARKAZA PITIC,126,Eliseo Camacho,Santiago García
LOGISTICA INTEGRADA,139,Eliseo Camacho,Santiago García
FRESH N FRIES,243,Eliseo Camacho,Santiago García
LEXU,373,Eliseo Camacho,Santiago García
MEXX21,376,Eliseo Camacho,Santiago García
UNLIMITED STORE,438,Eliseo Camacho,Santiago García
LUCRE,506,Eliseo Camacho,Santiago García
QMADRE SON,515,Eliseo Camacho,Santiago García
JUAN DE DIOS HERRERA LOPEZ,568,Eliseo Camacho,Santiago García
WARTER MEXICO,606,Eliseo Camacho,Santiago García
BURGUESA,738,Eliseo Camacho,Santiago García
PORTILLA ESPINOLA Y ASOCIADOS,828,Eliseo Camacho,Santiago García
EMILIO,863,Eliseo Camacho,Santiago García
PIRO,914,Eliseo Camacho,Santiago García
HOTEL QUERETARO W,921,Eliseo Camacho,Santiago García
CONSULTA,935,Eliseo Camacho,Santiago García
JUANADOLFO MS,989,Eliseo Camacho,Santiago García
TAURO CORPORACION,1039,Eliseo Camacho,Santiago García
AIMEE MICHELLE LOPEZ LOPEZ,1055,Eliseo Camacho,Santiago García
BLUME NAIL STUDIO,1111,Eliseo Camacho,Santiago García
WARTER ADMON,1136,Eliseo Camacho,Santiago García
ABARROTES ROGA,1140,Eliseo Camacho,Santiago García
POCS BANK,1147,Eliseo Camacho,Santiago García
ONLINE MODELING AGENCY,1268,Eliseo Camacho,Santiago García
UDENTAL ENFERMERIA,1280,Eliseo Camacho,Santiago García
JOSE OCTAVIANO CONTRERAS GUADARRAMA,1283,Eliseo Camacho,Santiago García
CAFÉ CAFÉ SAN CARLOS,1306,Eliseo Camacho,Santiago García
DENTAL STUDIO,1322,Eliseo Camacho,Santiago García
MAYOREOS DEL NOROESTE,1351,Eliseo Camacho,Santiago García
QUEENS BOUTIQUE,1371,Eliseo Camacho,Santiago García
FRANCISCO XAVIER RODRIGUEZ CHAVARRIA,1374,Eliseo Camacho,Santiago García
RESTAURANT BAR BM,1392,Eliseo Camacho,Santiago García
DESRESTAURANT,1403,Eliseo Camacho,Santiago García
PATIO CENTENARIO,1419,Eliseo Camacho,Santiago García
JIVS,1437,Eliseo Camacho,Santiago García
PEDIATRA AM,1438,Eliseo Camacho,Santiago García
TALLER GALLEGO,1441,Eliseo Camacho,Santiago García
SHISHI,1484,Eliseo Camacho,Santiago García
MARISCOS EL ARBOLON,1506,Eliseo Camacho,Santiago García
INVEST POINT,1527,Eliseo Camacho,Santiago García
RESTAURANT DESAYUNOS,1530,Eliseo Camacho,Santiago García
ADRIANO SANTOS,1538,Eliseo Camacho,Santiago García
ABASEL,1542,Eliseo Camacho,Santiago García
BLKSPD,1560,Eliseo Camacho,Santiago García
HMG,1580,Eliseo Camacho,Santiago García
MOTOR & TIRE,1581,Eliseo Camacho,Santiago García
JAKARTA CLUB LIFE,149,Eliseo Camacho,Santiago García
EL LADO OSCURO DEL MAR,411,Eliseo Camacho,Santiago García
LABORATORIOS DE QUERETARO,922,Eliseo Camacho,Santiago García
ADRIAN GHALEEY,1080,Eliseo Camacho,Santiago García
CASA FRUTAS Y VERDURAS,476,Francisco Azpiri,Santiago García
PACO TACO,112,Jorge Emilio Martinez,Santiago García
ARTURO VALENCIA,907,Lepons,Santiago García
MIPLAN.MX,988,Lepons,Santiago García
CAFE OLE,60,Santiago García,Santiago García
SEASON TRES,94,Santiago García,Santiago García
SOLUCIONES CALAIS S.A. DE C.V.,155,Santiago García,Santiago García
SUPER GUADALUPE,156,Santiago García,Santiago García
PINKSUPPLEMENTS,173,Santiago García,Santiago García
GRAPSEEL,179,Santiago García,Santiago García
SERVICIOS VOKTER,227,Santiago García,Santiago García
ZIMSLAC,247,Santiago García,Santiago García
MARSTRONG SERVICIOS S.A. DE C.V.,250,Santiago García,Santiago García
MAGRITTE,289,Santiago García,Santiago García
COLLER BATH&BODY,302,Santiago García,Santiago García
COLLECTIVE,305,Santiago García,Santiago García
VETERINARIA SAN GIL,352,Santiago García,Santiago García
NEUROFISIOLOGIA Y NEUROLOGÍA,358,Santiago García,Santiago García
BAKED BANANA,407,Santiago García,Santiago García
BRUNO DIAS,576,Santiago García,Santiago García
RICARDO TAPIA,588,Santiago García,Santiago García
DISFRUTABLE VIZCAYA,618,Santiago García,Santiago García
LATELIER 1011,642,Santiago García,Santiago García
Gineco Julie,662,Santiago García,Santiago García
DALEON,675,Santiago García,Santiago García
RICKY RICON,706,Santiago García,Santiago García
LEPONS,725,Santiago García,Santiago García
TACO FISH,790,Santiago García,Santiago García
CARGORSA,794,Santiago García,Santiago García
LA CASA DE LA CERVEZA,834,Santiago García,Santiago García
PUNTO 0,835,Santiago García,Santiago García
SERGIO ZAVALA,875,Santiago García,Santiago García
MINU SHOP1,877,Santiago García,Santiago García
EDUCANNABIS,918,Santiago García,Santiago García
CIBUM,934,Santiago García,Santiago García
NANO DELTA,990,Santiago García,Santiago García
PIZZAS MAXIMA,991,Santiago García,Santiago García
PESCADERIA LAS TORRES,997,Santiago García,Santiago García
WHOLIES,1004,Santiago García,Santiago García
ASESORES EMPRESARIALES KOLENKA S.A. DE C.V.,1014,Santiago García,Santiago García
DISTRIBUIDORA ROGA,1059,Santiago García,Santiago García
MIINJEJO,1097,Santiago García,Santiago García
CHINO DE ALBA,1130,Santiago García,Santiago García
SELCEX,1156,Santiago García,Santiago García
AETHERION,1176,Santiago García,Santiago García
SUPER ABRASIVOS QUIMICOS,1188,Santiago García,Santiago García
ANAGON COMPANY,1212,Santiago García,Santiago García
ANTONIO SANCHEZ MOBILIARIO PARA EVENTOS,1216,Santiago García,Santiago García
CAFE DE LOS DIOSES,1222,Santiago García,Santiago García
TALLER CARLOS,1248,Santiago García,Santiago García
BONELESS,1259,Santiago García,Santiago García
BENELEIT,1281,Santiago García,Santiago García
FMKT,1291,Santiago García,Santiago García
CHEF RUBEN,1298,Santiago García,Santiago García
ANA P,1321,Santiago García,Santiago García
RRT,1331,Santiago García,Santiago García
CENTRO UNIVERSITARIO PARA LAS CIENCIAS FACTICAS AC,1364,Santiago García,Santiago García
EDUARDO CASAHONDA,1400,Santiago García,Santiago García
IVAN CASTAÑEDA,1404,Santiago García,Santiago García
CELINA RODRIGUEZ,1476,Santiago García,Santiago García
GRUPO LEON,1478,Santiago García,Santiago García
CASA PELAYO,1485,Santiago García,Santiago García
ANDREA RODRIGUEZ,1531,Santiago García,Santiago García
JESSICA LOMELIN,1533,Santiago García,Santiago García
KATHERINE ANN CAICEDO,1577,Santiago García,Santiago García
VCT,816,Santiago García,Santiago García
ATMOSFERA,1113,Santiago García,Santiago García
CONSCIENTE TU VIBRA,1579,Daniel Shiryu,Wuzi
SAINT OUEN SA DE CV,8,Wuzi,Wuzi
Industrias Rioboo Cal Y Mayor SA de CV,39,Wuzi,Wuzi
Bola 28 México SA de CV,42,Wuzi,Wuzi
RioBoo3,339,Wuzi,Wuzi
DEMENTERYS SOCIETTY SA DE CV,344,Wuzi,Wuzi
NOMINA WUZI,385,Wuzi,Wuzi
Nexbill Inmobiliaria SA de CV,436,Wuzi,Wuzi
Industrias Rioboo1,502,Wuzi,Wuzi
GIGNET SA DE CV,720,Wuzi,Wuzi
Wuzi - Principal Interno,796,Wuzi,Wuzi
THE FAMOUS PIZZA & BEER,1499,Luis Frausto,Alejandro Aguilera
SANTA FORTUNA BAKERY & CAFÉ,1499,Luis Frausto,Alejandro Aguilera
